question	answer	category	explanation	formula_id	variables	related_questions
N回巻で半径r[m]の円形コイルに流れる電流によって生じる中心点の磁界の強さ	H = \frac{N I}{2 r} \quad [\text{A/m}]	理論	円形コイル中心の磁界は、巻数と電流に比例し、半径に反比例します。コイルを多く巻くほど、また電流を大きくするほど磁界は強くなります。	""	""	""
無限長の直線導体に流れる電流によって、電線からr[m]離れた点に生じる磁界の強さ	H = \frac{I}{2\pi r} \quad [\text{A/m}]	理論	直線導体のまわりの磁界は電流に比例し、導体からの距離に反比例します。距離が2倍になると磁界の強さは半分になります。	""	""	""
環状ソレノイドコイルに流れる電流によって生じるコイル内部の磁界の強さ	H = \frac{N I}{2\pi r} = n I \quad [\text{A/m}]	理論	環状ソレノイド内部の磁界は、巻数と電流に比例し、磁路の長さに反比例します。単位長さあたりの巻数nを使うと簡単に表せます。	""	""	""
断面積Sの環状鉄心の磁気抵抗	R_m = \frac{l}{\mu S} \quad [\text{A/Wb}]	理論	磁気抵抗は磁束の通りにくさを表します。磁路が長いほど大きく、透磁率や断面積が大きいほど小さくなります。	""	""	""
磁気回路のオームの法則（磁束）	\Phi = \frac{N I}{R_m} \quad [\text{Wb}]	理論	磁束は起磁力NIを磁気抵抗で割って求めます。電気回路の電流、電圧、抵抗の関係に対応する磁気回路の基本式です。	""	""	""
磁界の強さから磁束密度を求める式	B = \mu H \quad [\text{T}]	理論	磁束密度Bは、磁界の強さHに透磁率を掛けたものです。材料の透磁率が大きいほど、同じ磁界でも磁束密度は大きくなります。	""	""	""
フレミングの左手の法則	F = B I l \sin \theta \quad [\text{N}]	理論	磁界中の導体に電流を流すと力が働きます。力は磁束密度、電流、導体長、磁界との角度で決まり、電動機の原理になります。	""	""	""
並行に置かれた直線導体に電流を流した時、導体に働く力	F = \frac{\mu_0 I_1 I_2}{2\pi r} \quad [\text{N/m}]	理論	平行導体間には、互いの電流が作る磁界によって力が働きます。同方向電流では引力、逆方向電流では反発力になります。	""	""	""
ファラデーの法則（巻き数と磁束より）	e = -N \frac{d\Phi}{dt} \quad [\text{V}]	理論	コイルを貫く磁束が時間的に変化すると誘導起電力が発生します。マイナス符号は、変化を妨げる向きに起電力が生じることを示します。	""	""	""
ファラデーの法則（インダクタンスと電流より）	e = -L \frac{di}{dt} \quad [\text{V}]	理論	インダクタンスに流れる電流が変化すると、その変化を妨げる向きの電圧が発生します。電流変化が急なほど誘導起電力は大きくなります。	""	""	""
フレミングの右手の法則	e = B l v \sin \theta \quad [\text{V}]	理論	導体が磁界を切るように動くと誘導起電力が生じます。発電機の基本原理で、磁束密度、導体長、速度に比例します。	""	""	""
巻数Nのコイルに電流を流した時の自己インダクタンス	L = \frac{N \Phi}{I} = \frac{N^2}{R_m} \quad [\text{H}]	理論	自己インダクタンスは、コイルに流れる電流が作る磁束鎖交数を電流で割った量です。巻数が多く磁気抵抗が小さいほど大きくなります。	""	""	""
インダクタンス１と２間の相互インダクタンス	M = k \sqrt{L_1 L_2} \quad [\text{H}]	理論	相互インダクタンスは、2つのコイルが磁気的にどれだけ結合しているかを表します。結合係数kが1に近いほど結合が強くなります。	""	""	""
インダクタンスに蓄えられるエネルギー	W = \frac{1}{2} L I^2 \quad [\text{J}]	理論	インダクタンスは電流によって磁気エネルギーを蓄えます。電流の2乗に比例するため、電流が2倍になると蓄えられるエネルギーは4倍になります。	""	""	""
磁界に蓄えられるエネルギー	w = \frac{1}{2} \mu H^2 = \frac{1}{2} \frac{B^2}{\mu} \quad [\text{J/m}^3]	理論	磁界のエネルギー密度は、磁界の強さまたは磁束密度で表せます。磁性材料中にどれだけエネルギーが蓄えられるかを見る式です。	""	""	""
インダクタンスの和動接続	L_0 = L_1 + L_2 + 2M \quad [\text{H}]	理論	2つのコイルの磁束が同じ向きに助け合う接続では、相互インダクタンスの分だけ合成インダクタンスが増えます。	""	""	""
インダクタンスの差動接続	L_0 = L_1 + L_2 - 2M \quad [\text{H}]	理論	2つのコイルの磁束が打ち消し合う接続では、相互インダクタンスの分だけ合成インダクタンスが小さくなります。	""	""	""
静電気に関するクーロンの法則	F = \frac{Q_1 Q_2}{4\pi \epsilon r^2} \quad [\text{N}]	理論	2つの点電荷の間に働く静電力は、電荷の積に比例し、距離の2乗に反比例します。同符号なら反発、異符号なら引力です。	""	""	""
点電荷Qからr[m]離れた点の電界の強さ	E = \frac{Q}{4\pi \epsilon r^2} \quad [\text{V/m}]	理論	点電荷が作る電界は、電荷量に比例し、距離の2乗に反比例します。電荷から遠ざかるほど急激に弱くなります。	""	""	""
点電荷Qからr[m]離れた点の電位	V = \frac{Q}{4\pi \epsilon r} \quad [\text{V}]	理論	点電荷による電位は、電荷量に比例し、距離に反比例します。電界とは異なり、距離の1乗で小さくなります。	""	""	""
電界中に置いた電位に働く力	F = q E \quad [\text{N}]	理論	電界中の電荷には、電荷量qと電界Eの積で表される力が働きます。電界の向きと電荷の符号で力の向きが決まります。	""	""	""
電界の強さから電束密度を求める式	D = \epsilon E \quad [\text{C/m}^2]	理論	電束密度Dは、電界Eに誘電率を掛けた量です。誘電体中で電界と電荷の関係を扱うときに使います。	""	""	""
コンデンサの静電容量	C = \epsilon \frac{S}{d} \quad [\text{F}]	理論	平行板コンデンサの静電容量は、誘電率と面積に比例し、極板間隔に反比例します。面積が広く間隔が狭いほど容量は大きくなります。	""	""	""
コンデンサに蓄えられる電荷	Q = C V \quad [\text{C}]	理論	コンデンサに蓄えられる電荷は、静電容量と電圧の積です。同じ電圧なら、容量が大きいほど多くの電荷を蓄えられます。	""	""	""
コンデンサに蓄えられる静電エネルギー	W = \frac{1}{2} C V^2 = \frac{1}{2} Q V \quad [\text{J}]	理論	コンデンサに蓄えられるエネルギーは、容量と電圧の2乗に比例します。電圧を2倍にするとエネルギーは4倍になります。	""	""	""
導体球の表面の電位	V = \frac{Q}{4\pi \epsilon r} \quad [\text{V}]	理論	導体球表面の電位は、球に蓄えられた電荷に比例し、半径に反比例します。半径が大きいほど同じ電荷でも電位は低くなります。	""	""	""
コンデンサを２つ並列接続した場合の合成静電容量	C_0 = C_1 + C_2 \quad [\text{F}]	理論	並列接続では各コンデンサに同じ電圧がかかり、合成静電容量は各容量の和になります。容量を増やしたいときの接続です。	""	""	""
コンデンサを２つ並列接続した場合の回路全体の電荷	Q_0 = Q_1 + Q_2 = (C_1 + C_2)V \quad [\text{C}]	理論	並列コンデンサでは、全体の電荷は各コンデンサに蓄えられる電荷の和になります。電圧は各コンデンサで共通です。	""	""	""
コンデンサを２つ直列接続した場合の合成静電容量	C_0 = \frac{C_1 C_2}{C_1 + C_2} \quad [\text{F}]	理論	直列接続では各コンデンサの電荷が等しくなり、合成静電容量は各容量より小さくなります。耐電圧を高めたい場合にも使われます。	""	""	""
コンデンサを２つ並列接続した場合の電圧の分圧	V_1 = \frac{C_2}{C_1 + C_2} V \quad [\text{V}]	理論	直列コンデンサでは電荷が同じになり、電圧は容量に反比例して分担されます。容量が小さいコンデンサほど大きな電圧がかかります。	""	""	""
コンデンサを２つ並列接続した場合の、それぞれの電荷量と回路全体の電荷量の関係	Q_0 = Q_1 = Q_2 \quad [\text{C}]	理論	並列コンデンサでは、全体の電荷は各コンデンサに蓄えられる電荷の和になります。電圧は各コンデンサで共通です。	""	""	""
電気抵抗	R = \frac{\rho l}{S} \quad [\Omega]	理論	導体の抵抗は抵抗率と長さに比例し、断面積に反比例します。細く長い導体ほど抵抗が大きくなります。	""	""	""
抵抗の温度による変化	R_t = R_0 (1 + \alpha_0 \Delta t) \quad [\Omega]	理論	金属抵抗は温度上昇によって増加します。温度係数を使うことで、基準温度から変化したときの抵抗値を近似できます。	""	""	""
抵抗のΔ→Y変換	R_a = \frac{R_{ab} R_{ca}}{R_{ab} + R_{bc} + R_{ca}} \quad [\Omega]	理論	デルタ結線の抵抗を等価なスター結線に変換する式です。複雑な抵抗回路を簡単にして計算するために使います。	""	""	""
抵抗のY→Δ変換	R_{ab} = \frac{R_a R_b + R_b R_c + R_c R_a}{R_c} \quad [\Omega]	理論	スター結線の抵抗を等価なデルタ結線に変換する式です。回路の形を変えても端子から見た電気的性質は同じになります。	""	""	""
正弦波交流の一般式	v(t) = V_m \sin(\omega t + \theta) \quad [\text{V}]	理論	正弦波交流は最大値、角周波数、時刻、初期位相で表します。位相角θにより波形の横方向のずれを表せます。	""	""	""
交流電圧の平均値と実効値	"V = \frac{V_m}{\sqrt{2}}\quad [\text{V}]
V_{av} = \frac{2}{\pi} V_m\quad [\text{V}]"	理論	正弦波交流の実効値は最大値を√2で割った値です。平均値は半周期の平均で、整流回路などの計算で使います。	""	""	""
正弦波交流電圧の複素数表示	\dot{V} = V \cos \theta + j V \sin \theta \quad [\text{V}]	理論	交流の大きさと位相を複素数で表すと、抵抗・リアクタンスを含む回路計算を代数的に扱いやすくなります。	""	""	""
正弦波交流電圧の極座標表示	\dot{V} = V \angle \theta \quad [\text{V}]	理論	交流電圧を大きさVと位相角θで表す形式です。フェーザ図や三相交流の位相関係を整理するときに便利です。	""	""	""
誘導性リアクタンス	X_L = \omega L = 2\pi f L \quad [\Omega]	理論	コイルのリアクタンスは周波数とインダクタンスに比例します。周波数が高いほど電流の変化を妨げる働きが強くなります。	""	""	""
容量性リアクタンス	X_C = \frac{1}{\omega C} = \frac{1}{2\pi f C} \quad [\Omega]	理論	コンデンサのリアクタンスは周波数と静電容量に反比例します。周波数が高いほど交流電流を通しやすくなります。	""	""	""
RL直列回路のインピーダンス	\dot{Z} = R + j \omega L \quad [\Omega]	理論	RL直列回路では、抵抗成分Rとコイルのリアクタンス成分が複素数として加わります。電流は電圧より遅れます。	""	""	""
RL直列回路の電流	\dot{I} = \frac{\dot{V}}{R + j \omega L} \quad [\text{A}]	理論	RL直列回路の電流は、電圧フェーザをインピーダンスで割って求めます。インダクタンスの影響で位相遅れが生じます。	""	""	""
RC直列回路のインピーダンス	\dot{Z} = R - j \frac{1}{\omega C} \quad [\Omega]	理論	RC直列回路では、コンデンサのリアクタンスを負の虚数成分として表します。電流は電圧より進みます。	""	""	""
RC直列回路の電流	\dot{I} = \frac{\dot{V}}{R - j \frac{1}{\omega C}} \quad [\text{A}]	理論	RC直列回路の電流は、電圧フェーザを合成インピーダンスで割って求めます。容量性のため進み位相になります。	""	""	""
RLC直列回路のインピーダンス	\dot{Z} = R + j\left(\omega L - \frac{1}{\omega C}\right) \quad [\Omega]	理論	RLC直列回路では、コイルとコンデンサのリアクタンス差が虚数成分になります。差が0になると共振します。	""	""	""
RLC直列回路の共振条件	"\omega L = \frac{1}{\omega C}
f_0 = \frac{1}{2\pi\sqrt{L C}}\quad [\text{Hz}]"	理論	RLC直列回路では、誘導性リアクタンスと容量性リアクタンスが等しくなると共振します。このときインピーダンスはほぼ抵抗成分だけになります。	""	""	""
三相正弦波交流の瞬時値	"v_a=V_m\sin\omega t\quad [\text{V}]
v_b=V_m\sin(\omega t-\frac{2}{3}\pi)\quad [\text{V}]
v_c=V_m\sin(\omega t-\frac{4}{3}\pi)\quad [\text{V}]"	理論	三相交流は3つの正弦波が120度ずつ位相差をもって並んだものです。各相の瞬時値を時間関数として表します。	""	""	""
三相正弦波交流のベクトル表示	"\dot{V}_a = V\angle 0^\circ\quad [\text{V}]
\dot{V}_b = V\angle -120^\circ\quad [\text{V}]
\dot{V}_c = V\angle -240^\circ\quad [\text{V}]"	理論	三相交流の各相をフェーザで表すと、位相が120度ずつずれていることが明確になります。対称三相回路の基本です。	""	""	""
Y結線の線間電圧と相電圧の関係	V_l = \sqrt{3} V_p \quad [\text{V}]	理論	Y結線では線間電圧が相電圧の√3倍になります。電源や負荷の結線を扱うときの基本関係です。	""	""	""
Δ結線の線間電流と相電流の関係	I_l = \sqrt{3} I_p \quad [\text{A}]	理論	Δ結線では線電流が相電流の√3倍になります。相と線の値を取り違えないことが重要です。	""	""	""
三相交流の電力	P = \sqrt{3} V_l I_l \cos \theta = 3 V_p I_p \cos \theta \quad [\text{W}]	理論	三相交流の有効電力は、線間電圧、線電流、力率から求めます。相電圧と相電流を使う場合は3倍で表します。	""	""	""
波形率と波効率の定義	"\text{波形率} = \frac{\text{実効値}}{\text{平均値}}
\text{波高率} = \frac{\text{最大値}}{\text{実効値}}"	理論	波形率は実効値と平均値の比、波高率は最大値と実効値の比です。波形の性質やひずみの評価に使います。	""	""	""
水力発電所の発電機出力	P = 9.8 Q H \eta_t \eta_g \quad [\text{kW}]	電力	水力発電の出力は、流量、有効落差、水車効率、発電機効率に比例します。落差と流量が大きいほど発電出力は大きくなります。	""	""	""
年間平均流量	Q_{av} = \frac{\text{年間総流出量}}{365 \times 24 \times 3600} \quad [\text{m}^3/\text{s}]	電力	年間総流出量を1年間の秒数で割ることで、平均的に流れている水量を求めます。水力発電の年間計画に使います。	""	""	""
ベルヌーイの定理	z + \frac{p}{\rho g} + \frac{v^2}{2g} = \text{const} \quad [\text{m}]	電力	位置エネルギー、圧力エネルギー、速度エネルギーの和が一定であることを表します。水力設備の流れの解析に使います。	""	""	""
水の持つエネルギー	E = m g z + p \frac{m}{\rho} + \frac{1}{2} m v^2 \quad [\text{J}]	電力	水のエネルギーは、位置、圧力、速度の3つの成分に分けて考えます。水力発電では主に位置エネルギーを利用します。	""	""	""
ペルトン水車のノズルにおける水の噴射速度	v = \sqrt{2 g H} \quad [\text{m/s}]	電力	ペルトン水車では、落差によって水がノズルから高速で噴射されます。落差が大きいほど噴射速度は大きくなります。	""	""	""
水車の比速度	n_s = n \cdot \frac{P^{\frac{1}{2}}}{H^{\frac{5}{4}}} \quad [\text{m}\cdot\text{kW}]	電力	比速度は、水車の形式選定や性能比較に使う指標です。回転速度、出力、落差から水車の特性を表します。	""	""	""
水車の速度変動率	\delta = \frac{n_{max} - n_n}{n_n} \times 100 \quad [\%]	電力	速度変動率は、負荷変化によって水車の速度がどれだけ変わるかを百分率で表します。調速性能の評価に使います。	""	""	""
水車の速度調定率	R = \frac{\frac{n_1 - n_2}{n_n}}{\frac{P_2 - P_1}{P_n}} \times 100 \quad [\%]	電力	速度調定率は、出力変化に対する速度変化の割合を表します。発電機の負荷分担や周波数制御に関係します。	""	""	""
揚水所用動力	P_p = \frac{9.8 Q_p H_p}{\eta_p} \quad [\text{kW}]	電力	揚水に必要な動力は、流量、揚程に比例し、ポンプ効率が高いほど小さくなります。揚水発電の入力側の計算です。	""	""	""
揚水発電所の総合効率	"\eta_{all} = \eta_{gen} \cdot \eta_{pump}
\eta_{all} = \frac{P_g \cdot t_g}{P_p \cdot t_p} \times 100\quad [\%]"	電力	揚水発電の総合効率は、発電時に得たエネルギーを揚水時に使ったエネルギーで割って求めます。発電効率とポンプ効率の積でも表せます。	""	""	""
風力発電所の出力	P = \frac{1}{2} \rho A v^3 \eta \quad [\text{W}]	電力	風力発電の出力は風速の3乗に比例します。風速が少し上がるだけで、取り出せるエネルギーは大きく増えます。	""	""	""
変圧器A,Bの負荷分担	"P_A = P_k \times
\frac{\frac{S_A}{\%Z_A}}{\frac{S_A}{\%Z_A} + \frac{S_B}{\%Z_B}}\quad [\text{kV}\cdot\text{A}]"	電力	並列運転する変圧器の負荷は、容量に比例し、百分率インピーダンスに反比例して分担されます。インピーダンスが小さい側ほど多く負荷を受け持ちます。	""	""	""
三相短絡電流	I_s = \frac{100}{\%Z} I_n \quad [\text{A}]	電力	三相短絡電流は、定格電流を百分率インピーダンスで拡大して求めます。％Zが小さいほど短絡電流は大きくなります。	""	""	""
線間短絡電流	"I_{s2} = \frac{\sqrt{3}}{2} I_s
I_{s2} = \frac{\sqrt{3}}{2} \frac{100}{\%Z} I_n\quad [\text{A}]"	電力	線間短絡電流は三相短絡電流の√3/2倍として扱います。短絡事故時の保護装置選定に使います。	""	""	""
短絡容量	P_s = \sqrt{3} V_n I_s = \frac{100}{\%Z} P_n \quad [\text{V}\cdot\text{A}]	電力	短絡容量は短絡点で供給される見かけ電力です。系統の短絡強度や遮断器容量の検討に使います。	""	""	""
変圧器の効率	"\eta =
\frac{P \cos \theta}{P \cos \theta + P_i + \alpha^2 P_c} \times 100\quad [\%]"	電力	変圧器の効率は、出力を出力と損失の合計で割って求めます。鉄損と銅損を考慮して負荷率ごとの効率を評価します。	""	""	""
変圧器の全日効率	"\eta_d =
\frac{\sum P_{out} \cdot t}{\sum P_{out} \cdot t + 24 P_i + \sum \alpha^2 P_c \cdot t}
\times 100\quad [\%]"	電力	全日効率は1日の出力電力量を、出力電力量と1日の損失電力量の合計で割って求めます。負荷が時間で変わる設備に使います。	""	""	""
単相２線式の線路電流	I = \frac{P}{V \cos \theta} \quad [\text{A}]	電力	送電方式ごとに、同じ電力を送るために必要な線路電流を求める式です。電圧や力率が高いほど電流は小さくなります。	""	""	""
単相３線式の線路電流	I = \frac{P}{2 V \cos \theta} \quad [\text{A}]	電力	送電方式ごとに、同じ電力を送るために必要な線路電流を求める式です。電圧や力率が高いほど電流は小さくなります。	""	""	""
三相３線式の線路電流	I = \frac{P}{\sqrt{3} V \angle \cos \theta} \quad [\text{A}]	電力	送電方式ごとに、同じ電力を送るために必要な線路電流を求める式です。電圧や力率が高いほど電流は小さくなります。	""	""	""
単相２線式の電圧降下	\Delta V = 2 I (R \cos \theta + X \sin \theta) \quad [\text{V}]	電力	線路の抵抗とリアクタンスにより、負荷電流が流れると受電端電圧が低下します。単相と三相で係数が異なります。	""	""	""
三相３線式の電圧降下	\Delta V = \sqrt{3} I (R \cos \theta + X \sin \theta) \quad [\text{V}]	電力	線路の抵抗とリアクタンスにより、負荷電流が流れると受電端電圧が低下します。単相と三相で係数が異なります。	""	""	""
電圧変動率	\epsilon = \frac{V_0 - V_n}{V_n} \times 100 \quad [\%]	電力	無負荷電圧と定格負荷時電圧の差を、定格電圧に対する百分率で表します。電圧の安定度を評価する指標です。	""	""	""
単相２線式の電力損失	P_L = 2 I^2 R \quad [\text{W}]	電力	線路損失は電流の2乗と抵抗に比例します。電流を小さくすると損失を大きく減らせます。	""	""	""
単相３線式の電力損失	P_L = 2 I^2 R \quad [\text{W}]	電力	線路損失は電流の2乗と抵抗に比例します。電流を小さくすると損失を大きく減らせます。	""	""	""
三相３線式の電力損失	P_L = 3 I^2 R \quad [\text{W}]	電力	線路損失は電流の2乗と抵抗に比例します。電流を小さくすると損失を大きく減らせます。	""	""	""
地中ケーブルで発生する誘電体損	P_d = \omega C V^2 \tan \delta \quad [\text{W}]	電力	ケーブルの絶縁体に交流電圧が加わると誘電体損が発生します。周波数、静電容量、電圧の2乗、誘電正接に比例します。	""	""	""
受電端電力（相電圧で表示）	P_r = 3 \frac{E_s E_r}{X} \sin \delta \quad [\text{W}]	電力	送受電端の電圧とリアクタンス、相差角から送れる有効電力を求めます。相電圧表示と線間電圧表示で係数が変わります。	""	""	""
受電端電力（線間電圧で表示）	P_r = \frac{V_s V_r}{X} \sin \delta \quad [\text{W}]	電力	送受電端の電圧とリアクタンス、相差角から送れる有効電力を求めます。相電圧表示と線間電圧表示で係数が変わります。	""	""	""
電力の複素数表示	\dot{S} = P + j Q = \dot{V} \overline{\dot{I}} \quad [\text{V}\cdot\text{A}]	電力	複素電力は有効電力Pと無効電力Qをまとめて表します。電圧フェーザと電流フェーザの共役を使って求めます。	""	""	""
力率改善コンデンサ容量を求める式	Q_c = P (\tan \theta_1 - \tan \theta_2) \quad [\text{var}]	電力	力率を改善するために必要なコンデンサの無効電力を求める式です。改善前後の力率角のtanの差が補償量になります。	""	""	""
力率改善後の電力損失の変化	P_{L2} = P_{L1} \left(\frac{\cos \theta_1}{\cos \theta_2}\right)^2 \quad [\text{W}]	電力	線路損失は電流の2乗と抵抗に比例します。電流を小さくすると損失を大きく減らせます。	""	""	""
非接地線路における一線地絡電流	I_g = \sqrt{3} \omega C V \quad [\text{A}]	電力	非接地系統の一線地絡電流は、対地静電容量を通る充電電流で決まります。線路が長いほど容量が増え地絡電流も増えます。	""	""	""
中性点接地線路における一線地絡電流	I_g \approx \frac{E}{R_n} = \frac{V}{\sqrt{3} R_n} \quad [\text{A}]	電力	中性点接地系統の一線地絡電流は、主に接地抵抗で制限されます。接地抵抗が小さいほど地絡電流は大きくなります。	""	""	""
架空電線路のたるみ	D = \frac{W S^2}{8 T} \quad [\text{m}]	電力	架空電線のたるみは、電線重量と径間長の2乗に比例し、張力に反比例します。径間が長いほどたるみは大きくなります。	""	""	""
架空電線路の実長	L = S + \frac{8 D^2}{3 S} \quad [\text{m}]	電力	たるみを含む架空電線の実際の長さは、径間長より少し長くなります。施工や材料量の見積もりに使います。	""	""	""
直流機の電機子導体1本あたりの誘導起電力	e = B l v \quad [\text{V}]	機械	導体が磁束を切って運動すると誘導起電力が生じます。直流機の各電機子導体に発生する電圧の基本式です。	""	""	""
直流機の電機子誘導起電力	E = \frac{p Z}{60 a} \Phi N = K_e \Phi N \quad [\text{V}]	機械	直流機全体の誘導起電力は、極数、導体数、磁束、回転速度に比例し、並列回路数に反比例します。	""	""	""
直流電動機のトルク	T = \frac{p Z}{2\pi a} \Phi I_a = K_t \Phi I_a \quad [\text{N}\cdot\text{m}]	機械	直流電動機のトルクは、磁束と電機子電流に比例します。界磁を強くし、電機子電流を増やすほどトルクが大きくなります。	""	""	""
直流電動機の出力	P = E I_a = \frac{2\pi N}{60} T \quad [\text{W}]	機械	直流電動機の出力は、電気的には逆起電力と電機子電流の積、機械的には角速度とトルクの積で表せます。	""	""	""
変圧器の一次巻線、二次巻線に生じる誘導起電力	E = 4.44 f N \Phi_m \quad [\text{V}]	機械	変圧器の誘導起電力は、周波数、巻数、最大磁束に比例します。正弦波交流の実効値として4.44の係数が付きます。	""	""	""
変圧器の巻数比と電圧、電流の関係	"\frac{N_1}{N_2} = \frac{V_1}{V_2}
\frac{N_1}{N_2} = \frac{I_2}{I_1} = a"	機械	理想変圧器では、電圧比は巻数比に等しく、電流比はその逆になります。電圧を上げると電流は下がります。	""	""	""
変圧器を一次側から見た時のインピーダンス	Z_1 = a^2 Z_2 \quad [\Omega]	機械	二次側インピーダンスを一次側へ換算すると、巻数比の2乗倍になります。等価回路を一次側にそろえて計算できます。	""	""	""
変圧器を二次側から見た時のインピーダンス	Z_2 = \frac{Z_1}{a^2} \quad [\Omega]	機械	一次側インピーダンスを二次側へ換算すると、巻数比の2乗で割ります。変圧器の等価回路を二次側基準で扱うときに使います。	""	""	""
変圧器の銅損	P_c = I^2 R \quad [\text{W}]	機械	銅損は巻線抵抗に電流が流れることで生じるジュール損です。電流の2乗に比例するため、負荷が大きいほど増えます。	""	""	""
変圧器のヒステリシス損	P_h = k_h f B_m^2 \quad [\text{W}]	機械	ヒステリシス損は鉄心の磁化反転で生じる損失です。周波数と最大磁束密度に関係し、鉄心材料で大きさが変わります。	""	""	""
変圧器の渦電流損	P_e = k_e f^2 t^2 B_m^2 \quad [\text{W}]	機械	渦電流損は鉄心内に誘導される循環電流による損失です。薄い積層鉄心にすることで小さくできます。	""	""	""
変圧器の鉄損と電圧、周波数の関係	P_i \propto f \left(\frac{V}{f}\right)^2 = \frac{V^2}{f} \quad [\text{W}]	機械	変圧器の鉄損は、電圧と周波数の関係に強く影響されます。周波数一定なら電圧が高いほど鉄損は増えます。	""	""	""
変圧器の効率	"\eta =
\frac{P \cos \theta}{P \cos \theta + P_i + \alpha^2 P_c} \times 100\quad [\%]"	電力	変圧器の効率は、出力を出力と損失の合計で割って求めます。鉄損と銅損を考慮して負荷率ごとの効率を評価します。	""	""	""
変圧器の効率が最大となる条件	P_i = \alpha^2 P_c \implies \alpha = \sqrt{\frac{P_i}{P_c}}	機械	変圧器の効率は、鉄損と負荷時銅損が等しくなるとき最大になります。負荷率αを使って最大効率条件を表します。	""	""	""
変圧器の全日効率	"\eta_d =
\frac{\sum P_{out} \cdot t}{\sum P_{out} \cdot t + 24 P_i + \sum \alpha^2 P_c \cdot t}
\times 100\quad [\%]"	電力	全日効率は1日の出力電力量を、出力電力量と1日の損失電力量の合計で割って求めます。負荷が時間で変わる設備に使います。	""	""	""
変圧器の百分率インピーダンス	\%Z = \frac{Z I_n}{V_n} \times 100 \quad [\%]	機械	百分率インピーダンスは、定格電流によるインピーダンス降下を定格電圧に対する百分率で表します。短絡電流の計算にも使います。	""	""	""
変圧器の百分率抵抗降下	\%p = \frac{R I_n}{V_n} \times 100 = \frac{P_c}{S_n} \times 100 \quad [\%]	機械	百分率抵抗降下は、定格電流による抵抗分の電圧降下を百分率で表します。銅損と定格容量からも求められます。	""	""	""
変圧器の百分率リアクタンス降下	\%q = \frac{X I_n}{V_n} \times 100 \quad [\%]	機械	百分率リアクタンス降下は、定格電流によるリアクタンス分の電圧降下を百分率で表します。電圧変動や短絡計算に使います。	""	""	""
単巻変圧器の線路容量	S_l = V_2 I_2 \quad [\text{V}\cdot\text{A}]	電力	単巻変圧器の線路容量は、負荷側に供給する見かけ電力です。自己容量より大きく扱えるのが単巻変圧器の特徴です。	""	""	""
単巻変圧器の自己容量	S_w = (V_2 - V_1) I_2 \quad [\text{V}\cdot\text{A}]	機械	自己容量は、単巻変圧器の巻線を通して実際に変圧作用で伝わる容量です。線路容量との差を理解することが重要です。	""	""	""
誘導電動機の回転数	N = \frac{120 f}{p}(1 - s) = N_s (1 - s) \quad [\text{min}^{-1}]	機械	誘導電動機の回転数は同期速度より滑り分だけ低くなります。周波数、極数、滑りから実回転数を求めます。	""	""	""
誘導電動機の2次入力	P_2 = \omega_s T = \frac{P_{c2}}{s} \quad [\text{W}]	機械	誘導電動機の2次入力は、空隙を通して回転子側へ渡る電力です。同期角速度とトルクの積、または2次銅損と滑りから求めます。	""	""	""
誘導電動機の2次銅損	P_{c2} = s P_2 \quad [\text{W}]	機械	誘導電動機の2次銅損は、2次入力のうち滑りsの割合です。滑りが大きいほど損失として失われる割合が増えます。	""	""	""
誘導電動機の機械的出力	P_m = (1 - s) P_2 \quad [\text{W}]	機械	誘導電動機の機械的出力は、2次入力から2次銅損を除いた分です。2次入力の1-s倍になります。	""	""	""
誘導電動機の2次入力、2次銅損、機械的出力の比	P_2 : P_{c2} : P_m = 1 : s : (1 - s)	機械	誘導電動機の2次入力は、空隙を通して回転子側へ渡る電力です。同期角速度とトルクの積、または2次銅損と滑りから求めます。	""	""	""
誘導電動機の同期ワット	P_2 = \omega_s T \implies P_2 \ [\text{W}] \equiv T \ [\text{N}\cdot\text{m}]	機械	同期ワットは、2次入力をトルクと対応させて扱う考え方です。計算上、2次入力の値がトルクに対応します。	""	""	""
誘導電動機の2次巻線に抵抗を挿入した際の滑りの変化（比例推移）	\frac{r_2}{s} = \frac{r_2 + R}{s'} = \text{const}	機械	巻線形誘導電動機で2次抵抗を増やすと、最大トルクを発生する滑りが大きくなります。この関係を比例推移といいます。	""	""	""
同期機の回転数	N_s = \frac{120 f}{p} \quad [\text{min}^{-1}]	機械	同期機の回転数は電源周波数と極数で決まります。負荷が変わっても、同期を保つ限りこの速度で回転します。	""	""	""
同期機の誘導起電力	E = 4.44 k_w f N \Phi \quad [\text{V}]	機械	同期機の誘導起電力は、巻線係数、周波数、巻数、磁束に比例します。巻線配置の影響を巻線係数で補正します。	""	""	""
同期発電機の短絡比	K_s = \frac{I_{s0}}{I_n} = \frac{100}{\%X_s}	電力	同期発電機の短絡比は、短絡特性と同期リアクタンスの大きさを表す指標です。短絡比が大きいほど電圧変動が小さい傾向があります。	""	""	""
同期発電機のベクトル図	\dot{E} = \dot{V} + j X_s \dot{I} \quad [\text{V}]	機械	同期発電機では、端子電圧に同期リアクタンスによる電圧降下を加えて内部起電力を表します。フェーザの向きが重要です。	""	""	""
同期電動機のベクトル図	\dot{E} = \dot{V} - j X_s \dot{I} \quad [\text{V}]	機械	同期電動機では、端子電圧から同期リアクタンス降下を差し引いて内部起電力を表します。発電機とは符号の向きが異なります。	""	""	""
負荷角を用いて同期電動機の出力を表す	P = \frac{V E}{X_s} \sin \delta \quad [\text{W}]	機械	同期電動機の出力は、端子電圧、内部起電力、同期リアクタンス、負荷角で決まります。負荷角が大きくなるほど一定範囲で出力が増えます。	""	""	""
単相半波整流回路の直流平均電圧	"V_d = \frac{1}{\pi} \int_0^\pi \sqrt{2}V \sin \omega t \, dt
V_d = \frac{\sqrt{2}}{\pi} V \approx 0.45 V\quad [\text{V}]"	機械	半波整流では交流の片側半周期だけを取り出すため、直流平均電圧は全波整流より小さくなります。	""	""	""
単相全波整流回路の直流平均電圧	V_d = \frac{2\sqrt{2}}{\pi} V \approx 0.90 V \quad [\text{V}]	機械	全波整流では交流の両半周期を直流側に利用します。半波整流より平均電圧が大きく、脈動も小さくなります。	""	""	""
三相半波整流回路の直流平均電圧	V_d = \frac{3\sqrt{6}}{2\pi} V \approx 1.17 V \quad [\text{V}]	機械	半波整流では交流の片側半周期だけを取り出すため、直流平均電圧は全波整流より小さくなります。	""	""	""
三相全波整流回路の直流平均電圧	V_d = \frac{3\sqrt{2}}{\pi} V_l \approx 1.35 V_l \quad [\text{V}]	機械	全波整流では交流の両半周期を直流側に利用します。半波整流より平均電圧が大きく、脈動も小さくなります。	""	""	""
降圧チョッパの直流平均電圧	V_d = D \cdot V_in = \frac{T_{on}}{T} V_in \quad [\text{V}]	機械	降圧チョッパの平均出力電圧はデューティ比Dに比例します。オン時間の割合を大きくすると出力電圧が上がります。	""	""	""
昇圧チョッパの直流平均電圧	V_d = \frac{1}{1 - D} V_in \quad [\text{V}]	機械	昇圧チョッパはリアクトルに蓄えたエネルギーを利用して入力より高い電圧を得ます。Dが大きいほど出力電圧は高くなります。	""	""	""
昇降圧チョッパの直流平均電圧	V_d = \frac{D}{1 - D} V_in \quad [\text{V}]	機械	降圧チョッパの平均出力電圧はデューティ比Dに比例します。オン時間の割合を大きくすると出力電圧が上がります。	""	""	""
RC回路の周波数伝達関数と伝達関数	"G(s) = \frac{1}{1 + s R C}
G(j\omega) = \frac{1}{1 + j \omega R C}"	理論	RC回路の伝達関数は、抵抗とコンデンサによる一次遅れ要素を表します。周波数が高くなるほど位相遅れや振幅低下が現れます。	""	""	""
RL回路の周波数伝達関数と伝達関数	"G(s) = \frac{1}{1 + s \frac{L}{R}}
G(j\omega) = \frac{1}{1 + j \omega \frac{L}{R}}"	理論	RL回路の伝達関数は、インダクタンスと抵抗による一次遅れ要素を表します。時定数はL/Rで決まります。	""	""	""
1のラプラス変換、微分、積分	"\mathcal{L}[1] = \frac{1}{s}
\frac{d}{dt}(1) = 0
\int 1 \, dt = t"	数学	ラプラス変換は時間関数をs領域の関数に変換する方法です。微分方程式や過渡現象を代数計算として扱いやすくします。	""	""	""
tのラプラス変換、微分、積分	"\mathcal{L}[t] = \frac{1}{s^2}
\frac{d}{dt}(t) = 1
\int t \, dt = \frac{1}{2}t^2"	数学	ラプラス変換は時間関数をs領域の関数に変換する方法です。微分方程式や過渡現象を代数計算として扱いやすくします。	""	""	""
t^2のラプラス変換、微分、積分	"\mathcal{L}[t^2] = \frac{2}{s^3}
\frac{d}{dt}(t^2) = 2t
\int t^2 \, dt = \frac{1}{3}t^3"	数学	ラプラス変換は時間関数をs領域の関数に変換する方法です。微分方程式や過渡現象を代数計算として扱いやすくします。	""	""	""
e^{at}のラプラス変換、微分、積分	"\mathcal{L}[e^{at}] = \frac{1}{s - a}
\frac{d}{dt}(e^{at}) = a e^{at}
\int e^{at} \, dt = \frac{1}{a}e^{at}"	数学	ラプラス変換は時間関数をs領域の関数に変換する方法です。微分方程式や過渡現象を代数計算として扱いやすくします。	""	""	""
e^{-at}のラプラス変換、微分、積分	"\mathcal{L}[e^{-at}] = \frac{1}{s + a}
\frac{d}{dt}(e^{-at}) = -a e^{-at}
\int e^{-at} \, dt = -\frac{1}{a}e^{-at}"	数学	ラプラス変換は時間関数をs領域の関数に変換する方法です。微分方程式や過渡現象を代数計算として扱いやすくします。	""	""	""
sin atのラプラス変換、微分、積分	"\mathcal{L}[\sin at] = \frac{a}{s^2 + a^2}
\frac{d}{dt}(\sin at) = a\cos at
\int \sin at \, dt = -\frac{1}{a}\cos at"	数学	ラプラス変換は時間関数をs領域の関数に変換する方法です。微分方程式や過渡現象を代数計算として扱いやすくします。	""	""	""
cos atのラプラス変換、微分、積分	"\mathcal{L}[\cos at] = \frac{s}{s^2 + a^2}
\frac{d}{dt}(\cos at) = -a\sin at
\int \cos at \, dt = \frac{1}{a}\sin at"	数学	ラプラス変換は時間関数をs領域の関数に変換する方法です。微分方程式や過渡現象を代数計算として扱いやすくします。	""	""	""
1/s のラプラス逆変換	\mathcal{L}^{-1}\left[\frac{1}{s}\right] = 1	数学	ラプラス逆変換はs領域の式を時間領域の関数に戻す操作です。基本形を覚えておくと過渡応答の計算が速くなります。	""	""	""
1/s^2 のラプラス逆変換	\mathcal{L}^{-1}\left[\frac{1}{s^2}\right] = t	数学	ラプラス逆変換はs領域の式を時間領域の関数に戻す操作です。基本形を覚えておくと過渡応答の計算が速くなります。	""	""	""
1/(s-a) のラプラス逆変換	\mathcal{L}^{-1}\left[\frac{1}{s - a}\right] = e^{at}	数学	ラプラス逆変換はs領域の式を時間領域の関数に戻す操作です。基本形を覚えておくと過渡応答の計算が速くなります。	""	""	""
a/(s^2+a^2) のラプラス逆変換	\mathcal{L}^{-1}\left[\frac{a}{s^2 + a^2}\right] = \sin at	数学	ラプラス逆変換はs領域の式を時間領域の関数に戻す操作です。基本形を覚えておくと過渡応答の計算が速くなります。	""	""	""
s/(s^2+a^2) のラプラス逆変換	\mathcal{L}^{-1}\left[\frac{s}{s^2 + a^2}\right] = \cos at	数学	ラプラス逆変換はs領域の式を時間領域の関数に戻す操作です。基本形を覚えておくと過渡応答の計算が速くなります。	""	""	""
加法定理 sin(A+B)	\sin(A + B) = \sin A \cos B + \cos A \sin B	数学	加法定理は、2つの角の和や差の三角関数を、各角のsinとcosで表す公式です。交流の位相計算にもつながります。	""	""	""
加法定理 cos(A+B)	\cos(A + B) = \cos A \cos B - \sin A \sin B	数学	加法定理は、2つの角の和や差の三角関数を、各角のsinとcosで表す公式です。交流の位相計算にもつながります。	""	""	""
加法定理 sin(A-B)	\sin(A - B) = \sin A \cos B - \cos A \sin B	数学	加法定理は、2つの角の和や差の三角関数を、各角のsinとcosで表す公式です。交流の位相計算にもつながります。	""	""	""
加法定理 cos(A-B)	\cos(A - B) = \cos A \cos B + \sin A \sin B	数学	加法定理は、2つの角の和や差の三角関数を、各角のsinとcosで表す公式です。交流の位相計算にもつながります。	""	""	""
倍角 sin2A	\sin 2A = 2 \sin A \cos A	数学	倍角公式は、2倍の角の三角関数を元の角のsinやcosで表す公式です。三角関数の変形や積分計算で使います。	""	""	""
倍角 cos2A	"\cos 2A = \cos^2 A - \sin^2 A
\cos 2A = 2\cos^2 A - 1
\cos 2A = 1 - 2\sin^2 A"	数学	倍角公式は、2倍の角の三角関数を元の角のsinやcosで表す公式です。三角関数の変形や積分計算で使います。	""	""	""
対称三相回路の皮相電力	S = \sqrt{3} V_L I_L \quad [\mathrm{VA}]	電力管理	V_Lは線間電圧、I_Lは線電流の実効値です。平衡三相回路で用います。問題文に三相、線間電圧、線電流、力率またはP・Q・Sが与えられ、「対称三相回路の皮相電力」が問われる問題で使います。計算前に線間量と相量をそろえ、複素電力では電流の共役と無効電力の符号規約を確認します。	PM-AC-001	""	""
対称三相回路の有効電力	P = \sqrt{3} V_L I_L \cos\phi \quad [\mathrm{W}]	電力管理	負荷電流が電圧より遅れる場合も進む場合も、力率cosφを掛けて有効電力を求めます。問題文に三相、線間電圧、線電流、力率またはP・Q・Sが与えられ、「対称三相回路の有効電力」が問われる問題で使います。計算前に線間量と相量をそろえ、複素電力では電流の共役と無効電力の符号規約を確認します。	PM-AC-002	""	""
対称三相回路の無効電力	Q = \sqrt{3} V_L I_L \sin\phi \quad [\mathrm{var}]	電力管理	遅れ無効電力を正、進み無効電力を負とする符号規約です。問題文に三相、線間電圧、線電流、力率またはP・Q・Sが与えられ、「対称三相回路の無効電力」が問われる問題で使います。計算前に線間量と相量をそろえ、複素電力では電流の共役と無効電力の符号規約を確認します。	PM-AC-003	""	""
複素電力を電圧・電流フェーザで表す式	\dot{S} = P + jQ = 3\dot{V}_{ph}\dot{I}_{ph}^{*}	電力管理	電流フェーザを共役にする点が重要です。受電を正とする負荷規約で表しています。問題文に三相、線間電圧、線電流、力率またはP・Q・Sが与えられ、「複素電力を電圧・電流フェーザで表す式」が問われる問題で使います。計算前に線間量と相量をそろえ、複素電力では電流の共役と無効電力の符号規約を確認します。	PM-AC-004	""	""
有効電力・無効電力・皮相電力の関係	S^2 = P^2 + Q^2	電力管理	電力三角形の基本関係で、Sは皮相電力の大きさです。問題文に三相、線間電圧、線電流、力率またはP・Q・Sが与えられ、「有効電力・無効電力・皮相電力の関係」が問われる問題で使います。計算前に線間量と相量をそろえ、複素電力では電流の共役と無効電力の符号規約を確認します。	PM-AC-005	""	""
有効電力と力率から線電流を求める式	I_L = \frac{P}{\sqrt{3}V_L\cos\phi}	電力管理	平衡三相負荷で、PとV_Lは同じ単位系にそろえます。問題文に三相、線間電圧、線電流、力率またはP・Q・Sが与えられ、「有効電力と力率から線電流を求める式」が問われる問題で使います。計算前に線間量と相量をそろえ、複素電力では電流の共役と無効電力の符号規約を確認します。	PM-AC-006	""	""
二次計算で用いるY結線の線間電圧と相電圧の関係	V_L = \sqrt{3}V_{ph}	電力管理	平衡Y結線で線間電圧は相電圧より30度進み、大きさが√3倍です。問題文にY結線、線間電圧、相電圧が与えられ、「二次計算で用いるY結線の線間電圧と相電圧の関係」が問われる問題で使います。Y結線とΔ結線で√3が付く量が異なるため、結線図から線量・相量を先に整理します。	PM-AC-007	""	""
Δ結線の線電流と相電流の関係	I_L = \sqrt{3}I_{ph}	電力管理	平衡Δ結線で線電流は相電流の√3倍です。位相差もあるためフェーザ図では向きに注意します。問題文にΔ結線、線電流、相電流が与えられ、「Δ結線の線電流と相電流の関係」が問われる問題で使います。Y結線とΔ結線で√3が付く量が異なるため、結線図から線量・相量を先に整理します。	PM-AC-008	""	""
力率改善に必要なコンデンサ容量	Q_C = P(\tan\phi_1-\tan\phi_2)	電力管理	有効電力Pを一定とし、改善前φ1から改善後φ2へ変更するときの進み無効電力です。問題文に有効電力と改善前後の力率が与えられ、「力率改善に必要なコンデンサ容量」が問われる問題で使います。改善前角φ1と改善後角φ2を取り違えず、進みコンデンサが供給する無効電力として扱います。	PM-AC-009	""	""
三相Y結線コンデンサの無効電力	Q_C = \omega C V_L^2	電力管理	Cは1相当たりの静電容量です。Y結線では相電圧がV_L/√3になります。問題文に線間電圧、周波数、1相当たり静電容量、コンデンサの結線が与えられ、「三相Y結線コンデンサの無効電力」が問われる問題で使います。Cは1相当たりの値として、Y結線とΔ結線の係数差を確認してから代入します。	PM-AC-010	""	""
三相Δ結線コンデンサの無効電力	Q_C = 3\omega C V_L^2	電力管理	Cは1相当たりの静電容量です。同じCならΔ結線はY結線の3倍の無効電力を供給します。問題文に線間電圧、周波数、1相当たり静電容量、コンデンサの結線が与えられ、「三相Δ結線コンデンサの無効電力」が問われる問題で使います。Cは1相当たりの値として、Y結線とΔ結線の係数差を確認してから代入します。	PM-AC-011	""	""
三相基準容量と基準線間電圧から基準電流を求める式	I_B = \frac{S_B}{\sqrt{3}V_B}	電力管理	三相単位法ではS_Bに三相容量、V_Bに線間電圧を用います。問題文に基準容量、基準線間電圧、%Zまたは故障点から見た合成インピーダンスが与えられ、「三相基準容量と基準線間電圧から基準電流を求める式」が問われる問題で使います。機器ごとの%Zを共通の基準容量・基準電圧へ換算し、短絡点から見た合成インピーダンスを作ってから使います。	PM-FLT-001	""	""
三相単位法の基準インピーダンス	Z_B = \frac{V_B^2}{S_B}	電力管理	V_Bは基準線間電圧、S_Bは三相基準容量です。問題文に基準容量、基準線間電圧、%Zまたは故障点から見た合成インピーダンスが与えられ、「三相単位法の基準インピーダンス」が問われる問題で使います。機器ごとの%Zを共通の基準容量・基準電圧へ換算し、短絡点から見た合成インピーダンスを作ってから使います。	PM-FLT-002	""	""
基準容量・基準電圧を変更するときの単位法インピーダンス	Z_{pu,new}=Z_{pu,old}\frac{S_{B,new}}{S_{B,old}}\left(\frac{V_{B,old}}{V_{B,new}}\right)^2	電力管理	変圧器をまたぐ場合は各側の基準電圧を巻数比に合わせます。問題文に基準容量、基準線間電圧、%Zまたは故障点から見た合成インピーダンスが与えられ、「基準容量・基準電圧を変更するときの単位法インピーダンス」が問われる問題で使います。機器ごとの%Zを共通の基準容量・基準電圧へ換算し、短絡点から見た合成インピーダンスを作ってから使います。	PM-FLT-003	""	""
百分率インピーダンスから定格電流基準の三相短絡電流を求める式	I_{sc}=I_N\frac{100}{\%Z}	電力管理	電源電圧を1 p.u.、故障前電流を無視し、抵抗を含む合成%Zを用いる基本式です。問題文に基準容量、基準線間電圧、%Zまたは故障点から見た合成インピーダンスが与えられ、「百分率インピーダンスから定格電流基準の三相短絡電流を求める式」が問われる問題で使います。機器ごとの%Zを共通の基準容量・基準電圧へ換算し、短絡点から見た合成インピーダンスを作ってから使います。	PM-FLT-004	""	""
短絡容量を単位法インピーダンスから求める式	S_{sc}=\frac{S_B}{|Z_{th,pu}|}	電力管理	故障点から見たテブナンインピーダンスを共通基準に換算して用います。問題文に基準容量、基準線間電圧、%Zまたは故障点から見た合成インピーダンスが与えられ、「短絡容量を単位法インピーダンスから求める式」が問われる問題で使います。機器ごとの%Zを共通の基準容量・基準電圧へ換算し、短絡点から見た合成インピーダンスを作ってから使います。	PM-FLT-005	""	""
三相短絡電流の正相回路による計算	\dot{I}_{3\phi}=\frac{\dot{E}}{Z_1+Z_f}	電力管理	対称三相故障では正相回路だけを使います。Z_fは1相当たりの故障インピーダンスです。問題文に基準容量、基準線間電圧、%Zまたは故障点から見た合成インピーダンスが与えられ、「三相短絡電流の正相回路による計算」が問われる問題で使います。機器ごとの%Zを共通の基準容量・基準電圧へ換算し、短絡点から見た合成インピーダンスを作ってから使います。	PM-FLT-006	""	""
相電流から零相電流を求める式	\dot{I}_0=\frac{\dot{I}_a+\dot{I}_b+\dot{I}_c}{3}	電力管理	三相電流の同相成分です。中性線電流は向きの定義に応じて3I0になります。問題文に三相電流または零相・正相・逆相の対称分が与えられ、「相電流から零相電流を求める式」が問われる問題で使います。相順と演算子aの定義を固定し、最後に必要な相電流へ逆変換します。	PM-FLT-007	""	""
相電流から正相電流を求める式	\dot{I}_1=\frac{\dot{I}_a+a\dot{I}_b+a^2\dot{I}_c}{3}	電力管理	a=e^{j2π/3}とします。正相はa-b-cの順に120度ずれる成分です。問題文に三相電流または零相・正相・逆相の対称分が与えられ、「相電流から正相電流を求める式」が問われる問題で使います。相順と演算子aの定義を固定し、最後に必要な相電流へ逆変換します。	PM-FLT-008	""	""
相電流から逆相電流を求める式	\dot{I}_2=\frac{\dot{I}_a+a^2\dot{I}_b+a\dot{I}_c}{3}	電力管理	逆相は正相と反対の相順をもつ成分です。問題文に三相電流または零相・正相・逆相の対称分が与えられ、「相電流から逆相電流を求める式」が問われる問題で使います。相順と演算子aの定義を固定し、最後に必要な相電流へ逆変換します。	PM-FLT-009	""	""
対称分電流からa相電流を復元する式	\dot{I}_a=\dot{I}_0+\dot{I}_1+\dot{I}_2	電力管理	b相、c相はそれぞれa、a²を掛けて逆変換します。問題文に三相電流または零相・正相・逆相の対称分が与えられ、「対称分電流からa相電流を復元する式」が問われる問題で使います。相順と演算子aの定義を固定し、最後に必要な相電流へ逆変換します。	PM-FLT-010	""	""
一線地絡の対称分電流	\dot{I}_0=\dot{I}_1=\dot{I}_2=\frac{\dot{E}}{Z_1+Z_2+Z_0+3Z_f}	電力管理	一線地絡では零相・正相・逆相回路を直列接続します。問題文に事故種類と正相・逆相・零相インピーダンス、故障インピーダンスが与えられ、「一線地絡の対称分電流」が問われる問題で使います。一線地絡では三つの対称分回路を直列接続し、中性点インピーダンスは零相回路へ3倍して入れます。	PM-FLT-011	""	""
一線地絡の故障相電流	\dot{I}_f=3\dot{I}_0=\frac{3\dot{E}}{Z_1+Z_2+Z_0+3Z_f}	電力管理	故障相電流は3つの対称分電流の和です。問題文に事故種類と正相・逆相・零相インピーダンス、故障インピーダンスが与えられ、「一線地絡の故障相電流」が問われる問題で使います。一線地絡では三つの対称分回路を直列接続し、中性点インピーダンスは零相回路へ3倍して入れます。	PM-FLT-012	""	""
線間短絡の正相・逆相電流	\dot{I}_1=\frac{\dot{E}}{Z_1+Z_2+Z_f},\quad \dot{I}_2=-\dot{I}_1,\quad \dot{I}_0=0	電力管理	Z_fは2相間の故障経路を問題の定義に合わせて換算します。金属短絡ならZ_f=0です。問題文に事故種類と正相・逆相・零相インピーダンス、故障インピーダンスが与えられ、「線間短絡の正相・逆相電流」が問われる問題で使います。線間短絡では零相回路を使わず、正相電流と逆相電流が逆符号になる接続を確認します。	PM-FLT-013	""	""
二線地絡で正相回路から見た並列合成インピーダンス	Z_{eq}=Z_2\parallel(Z_0+3Z_f)=\frac{Z_2(Z_0+3Z_f)}{Z_2+Z_0+3Z_f}	電力管理	正相回路に、逆相回路と零相・故障インピーダンス回路の並列合成が直列に接続されます。問題文に事故種類と正相・逆相・零相インピーダンス、故障インピーダンスが与えられ、「二線地絡で正相回路から見た並列合成インピーダンス」が問われる問題で使います。二線地絡では正相回路に逆相回路と零相回路の並列合成を接続し、分流後に相電流へ戻します。	PM-FLT-014	""	""
二線地絡の正相電流	\dot{I}_1=\frac{\dot{E}}{Z_1+Z_2\parallel(Z_0+3Z_f)}	電力管理	二線地絡の基本式です。逆相・零相電流は並列枝の分流で求めます。問題文に事故種類と正相・逆相・零相インピーダンス、故障インピーダンスが与えられ、「二線地絡の正相電流」が問われる問題で使います。二線地絡では正相回路に逆相回路と零相回路の並列合成を接続し、分流後に相電流へ戻します。	PM-FLT-015	""	""
二線地絡の逆相電流	\dot{I}_2=-\dot{I}_1\frac{Z_0+3Z_f}{Z_2+Z_0+3Z_f}	電力管理	正相電流が逆相枝と零相枝へ分流する関係から求めます。問題文に事故種類と正相・逆相・零相インピーダンス、故障インピーダンスが与えられ、「二線地絡の逆相電流」が問われる問題で使います。二線地絡では正相回路に逆相回路と零相回路の並列合成を接続し、分流後に相電流へ戻します。	PM-FLT-016	""	""
二線地絡の零相電流	\dot{I}_0=-\dot{I}_1\frac{Z_2}{Z_2+Z_0+3Z_f}	電力管理	故障相電流を求めるときは相電流への逆変換を行います。問題文に事故種類と正相・逆相・零相インピーダンス、故障インピーダンスが与えられ、「二線地絡の零相電流」が問われる問題で使います。二線地絡では正相回路に逆相回路と零相回路の並列合成を接続し、分流後に相電流へ戻します。	PM-FLT-017	""	""
非接地系統の一線地絡時に健全相対地電圧が上昇する倍率	|V_{healthy-ground}|=\sqrt{3}|V_{phase}|	電力管理	完全地絡・対称な対地静電容量を仮定すると、健全相対地電圧は地絡前の√3倍になります。問題文に中性点接地方式、対地静電容量、接地巻線またはΔ巻線が与えられ、「非接地系統の一線地絡時に健全相対地電圧が上昇する倍率」が問われる問題で使います。接地方式と零相電流の帰路を図示してから、対地静電容量や中性点要素を組み込みます。	PM-FLT-018	""	""
非接地系統の完全一線地絡時の容量性地絡電流	I_g=3\omega C V_{phase}	電力管理	Cは1相当たりの対地静電容量、V_phaseは地絡前の相電圧です。問題文に中性点接地方式、対地静電容量、接地巻線またはΔ巻線が与えられ、「非接地系統の完全一線地絡時の容量性地絡電流」が問われる問題で使います。接地方式と零相電流の帰路を図示してから、対地静電容量や中性点要素を組み込みます。	PM-FLT-019	""	""
消弧リアクトルの共振条件	\frac{1}{\omega L}=3\omega C	電力管理	中性点リアクトル電流を系統の容量性地絡電流に合わせて地絡アークを抑制します。問題文の中性点接地方式、対地静電容量、接地巻線またはΔ巻線に注目し、「消弧リアクトルの共振条件」を判断・説明する問題で使います。接地方式と零相電流の帰路を図示してから、対地静電容量や中性点要素を組み込みます。	PM-FLT-020	""	""
抵抗接地で目標地絡電流から中性点抵抗を求める近似式	R_n\simeq\frac{V_{phase}}{I_g}	電力管理	系統リアクタンスと対地静電容量を無視できる基本近似です。問題文に中性点接地方式、対地静電容量、接地巻線またはΔ巻線が与えられ、「抵抗接地で目標地絡電流から中性点抵抗を求める近似式」が問われる問題で使います。接地方式と零相電流の帰路を図示してから、対地静電容量や中性点要素を組み込みます。	PM-FLT-021	""	""
接地Y巻線が零相電流に与える基本則	中性点が接地されたY巻線には零相電流の帰路がある	電力管理	中性点非接地Y巻線には線路側から零相電流が流れません。問題文の中性点接地方式、対地静電容量、接地巻線またはΔ巻線に注目し、「接地Y巻線が零相電流に与える基本則」を判断・説明する問題で使います。接地方式と零相電流の帰路を図示してから、対地静電容量や中性点要素を組み込みます。	PM-FLT-022	""	""
Δ巻線が零相電流に与える基本則	零相電流はΔ巻線内を循環できるが、Δ側線電流として外部へは現れない	電力管理	変圧器の零相回路を作るときは巻線結線と中性点接地を確認します。問題文の中性点接地方式、対地静電容量、接地巻線またはΔ巻線に注目し、「Δ巻線が零相電流に与える基本則」を判断・説明する問題で使います。接地方式と零相電流の帰路を図示してから、対地静電容量や中性点要素を組み込みます。	PM-FLT-023	""	""
三相短距離送電線の近似電圧降下	\Delta V_L\simeq\sqrt{3}I_L(R\cos\phi+X\sin\phi)	電力管理	遅れ力率負荷の線間電圧降下です。進み力率では無効成分の符号が変わります。問題文に線路電流、抵抗・リアクタンス、導体長、断面積または温度が与えられ、「三相短距離送電線の近似電圧降下」が問われる問題で使います。この近似は短距離線路向けです。「近似式を用いない」とある場合は複素電流を求め、フェーザ式または四端子定数へ進みます。	PM-LINE-001	""	""
三相送電線の銅損	P_{loss}=3I_L^2R	電力管理	Rは1相1線分の抵抗です。往復2線分を重ねて数えないようにします。問題文に線路電流、抵抗・リアクタンス、導体長、断面積または温度が与えられ、「三相送電線の銅損」が問われる問題で使います。単相2線式・単相3線式・三相3線式で電流と損失の係数が変わるため、回路方式と1線分の抵抗を確認します。	PM-LINE-002	""	""
抵抗率から導体抵抗を求める式	R=\rho\frac{l}{A}	電力管理	ρは抵抗率、lは導体長、Aは断面積です。温度条件をそろえます。問題文に線路電流、抵抗・リアクタンス、導体長、断面積または温度が与えられ、「抵抗率から導体抵抗を求める式」が問われる問題で使います。単相2線式・単相3線式・三相3線式で電流と損失の係数が変わるため、回路方式と1線分の抵抗を確認します。	PM-LINE-003	""	""
抵抗の温度換算	R_2=R_1\frac{T+t_2}{T+t_1}	電力管理	Tは材料の抵抗温度定数です。問題で温度係数αが与えられるときはR2=R1[1+α(t2-t1)]を使います。問題文に線路電流、抵抗・リアクタンス、導体長、断面積または温度が与えられ、「抵抗の温度換算」が問われる問題で使います。単相2線式・単相3線式・三相3線式で電流と損失の係数が変わるため、回路方式と1線分の抵抗を確認します。	PM-LINE-004	""	""
三相1回線の作用インダクタンス	L=2\times10^{-7}\ln\frac{D_m}{r'}\quad[\mathrm{H/m}]	電力管理	D_mは相間距離の幾何平均、r'は導体の幾何平均半径です。完全ねん架を仮定します。問題文に相間距離、導体半径、束導体間隔、線路長などの線路定数が与えられ、「三相1回線の作用インダクタンス」が問われる問題で使います。完全ねん架や大地影響無視などの仮定と、半径・GMR・相間距離の使い分けを確認します。	PM-LINE-005	""	""
三相1回線の作用静電容量	C=\frac{2\pi\varepsilon}{\ln(D_m/r)}\quad[\mathrm{F/m}]	電力管理	大地の影響を無視した完全ねん架線路の1相当たりです。問題文に相間距離、導体半径、束導体間隔、線路長などの線路定数が与えられ、「三相1回線の作用静電容量」が問われる問題で使います。完全ねん架や大地影響無視などの仮定と、半径・GMR・相間距離の使い分けを確認します。	PM-LINE-006	""	""
不等間隔三相線路の等価相間距離	D_m=(D_{ab}D_{bc}D_{ca})^{1/3}	電力管理	完全ねん架された三相線路の幾何平均距離です。問題文に相間距離、導体半径、束導体間隔、線路長などの線路定数が与えられ、「不等間隔三相線路の等価相間距離」が問われる問題で使います。完全ねん架や大地影響無視などの仮定と、半径・GMR・相間距離の使い分けを確認します。	PM-LINE-007	""	""
2導体束の等価幾何平均半径	r_b'=\sqrt{r'd}	電力管理	r'は素導体GMR、dは素導体間隔です。インダクタンス計算に用います。問題文に相間距離、導体半径、束導体間隔、線路長などの線路定数が与えられ、「2導体束の等価幾何平均半径」が問われる問題で使います。完全ねん架や大地影響無視などの仮定と、半径・GMR・相間距離の使い分けを確認します。	PM-LINE-008	""	""
線路の直列インピーダンスと並列アドミタンス	Z=(R+j\omega L)l,\quad Y=(G+j\omega C)l	電力管理	分布定数線路では単位長さ定数から全長lの値を作ります。問題文に相間距離、導体半径、束導体間隔、線路長などの線路定数が与えられ、「線路の直列インピーダンスと並列アドミタンス」が問われる問題で使います。完全ねん架や大地影響無視などの仮定と、半径・GMR・相間距離の使い分けを確認します。	PM-LINE-009	""	""
公称π形回路の四端子定数	A=D=1+\frac{YZ}{2},\quad B=Z\left(1+\frac{YZ}{4}\right),\quad C=Y	電力管理	中距離線路を両端Y/2の公称π形で表した場合です。問題文に送受電端電圧・電流、線路インピーダンス、アドミタンスまたは四端子定数が与えられ、「公称π形回路の四端子定数」が問われる問題で使います。送受電端の電流方向を統一し、近似禁止なら複素量のまま送電端電圧・電流を順に求めます。	PM-LINE-010	""	""
公称T形回路の四端子定数	A=D=1+\frac{YZ}{2},\quad B=Z,\quad C=Y\left(1+\frac{YZ}{4}\right)	電力管理	中距離線路を中央Y、両側Z/2の公称T形で表した場合です。問題文に送受電端電圧・電流、線路インピーダンス、アドミタンスまたは四端子定数が与えられ、「公称T形回路の四端子定数」が問われる問題で使います。送受電端の電流方向を統一し、近似禁止なら複素量のまま送電端電圧・電流を順に求めます。	PM-LINE-011	""	""
分布定数線路の伝搬定数	\gamma=\sqrt{zy}	電力管理	zとyは単位長さ当たりの直列インピーダンスと並列アドミタンスです。問題文に送受電端電圧・電流、線路インピーダンス、アドミタンスまたは四端子定数が与えられ、「分布定数線路の伝搬定数」が問われる問題で使います。送受電端の電流方向を統一し、近似禁止なら複素量のまま送電端電圧・電流を順に求めます。	PM-LINE-012	""	""
分布定数線路の特性インピーダンス	Z_c=\sqrt{\frac{z}{y}}	電力管理	無損失線路ではZ_c=√(L/C)となります。問題文に送受電端電圧・電流、線路インピーダンス、アドミタンスまたは四端子定数が与えられ、「分布定数線路の特性インピーダンス」が問われる問題で使います。送受電端の電流方向を統一し、近似禁止なら複素量のまま送電端電圧・電流を順に求めます。	PM-LINE-013	""	""
長距離送電線の四端子定数	A=D=\cosh\gamma l,\quad B=Z_c\sinh\gamma l,\quad C=\frac{1}{Z_c}\sinh\gamma l	電力管理	線路定数が一様な分布定数線路に用います。問題文に送受電端電圧・電流、線路インピーダンス、アドミタンスまたは四端子定数が与えられ、「長距離送電線の四端子定数」が問われる問題で使います。送受電端の電流方向を統一し、近似禁止なら複素量のまま送電端電圧・電流を順に求めます。	PM-LINE-014	""	""
四端子定数による送電端量の計算	\dot{V}_s=A\dot{V}_r+B\dot{I}_r,\quad \dot{I}_s=C\dot{V}_r+D\dot{I}_r	電力管理	受電端電流を負荷へ流れ込む向きとする符号規約です。問題文に送受電端電圧・電流、線路インピーダンス、アドミタンスまたは四端子定数が与えられ、「四端子定数による送電端量の計算」が問われる問題で使います。送受電端の電流方向を統一し、近似禁止なら複素量のまま送電端電圧・電流を順に求めます。	PM-LINE-015	""	""
無損失線路の進行波速度	v=\frac{1}{\sqrt{LC}}	電力管理	L、Cは単位長さ当たりのインダクタンスと静電容量です。問題文に進行波、特性インピーダンス、入射側と終端側のインピーダンスが与えられ、「無損失線路の進行波速度」が問われる問題で使います。入射側をZ1、終端側をZ2として、開放端・短絡端で反射係数の符号が妥当か確認します。	PM-LINE-016	""	""
サージインピーダンス負荷	P_{SIL}=\frac{V_L^2}{Z_c}	電力管理	V_Lは線間電圧、Z_cは1相のサージインピーダンスです。無効電力の発生と消費が釣り合う自然負荷を表します。問題文に進行波、特性インピーダンス、入射側と終端側のインピーダンスが与えられ、「サージインピーダンス負荷」が問われる問題で使います。入射側をZ1、終端側をZ2として、開放端・短絡端で反射係数の符号が妥当か確認します。	PM-LINE-017	""	""
進行電圧波の反射係数	\Gamma_V=\frac{Z_2-Z_1}{Z_2+Z_1}	電力管理	インピーダンスZ1の線路からZ2の終端へ入射するときの電圧反射係数です。問題文に進行波、特性インピーダンス、入射側と終端側のインピーダンスが与えられ、「進行電圧波の反射係数」が問われる問題で使います。入射側をZ1、終端側をZ2として、開放端・短絡端で反射係数の符号が妥当か確認します。	PM-LINE-018	""	""
進行電流波の反射係数	\Gamma_I=-\Gamma_V=\frac{Z_1-Z_2}{Z_1+Z_2}	電力管理	電流の正方向を入射波の進行方向に取るため、電圧反射係数と符号が逆になります。問題文に進行波、特性インピーダンス、入射側と終端側のインピーダンスが与えられ、「進行電流波の反射係数」が問われる問題で使います。入射側をZ1、終端側をZ2として、開放端・短絡端で反射係数の符号が妥当か確認します。	PM-LINE-019	""	""
進行電圧波の透過係数	\tau_V=1+\Gamma_V=\frac{2Z_2}{Z_1+Z_2}	電力管理	透過電圧を入射電圧で割った係数です。問題文に進行波、特性インピーダンス、入射側と終端側のインピーダンスが与えられ、「進行電圧波の透過係数」が問われる問題で使います。入射側をZ1、終端側をZ2として、開放端・短絡端で反射係数の符号が妥当か確認します。	PM-LINE-020	""	""
無損失リアクタンス送電線の有効電力	P=\frac{V_sV_r}{X}\sin\delta	電力管理	V_s、V_rは相電圧なら1相分、線間電圧なら三相合計として同じ形を使えます。問題文に送受電端電圧、線路リアクタンス、相差角または軽負荷条件が与えられ、「無損失リアクタンス送電線の有効電力」が問われる問題で使います。無損失近似と電力・無効電力の正方向を確認し、逆潮流ではP・Qの符号を母線注入規約へ合わせます。	PM-LINE-021	""	""
無損失リアクタンス送電線の受電端無効電力	Q_r=\frac{V_sV_r}{X}\cos\delta-\frac{V_r^2}{X}	電力管理	受電端へ供給される無効電力を正とする符号規約です。問題文に送受電端電圧、線路リアクタンス、相差角または軽負荷条件が与えられ、「無損失リアクタンス送電線の受電端無効電力」が問われる問題で使います。無損失近似と電力・無効電力の正方向を確認し、逆潮流ではP・Qの符号を母線注入規約へ合わせます。	PM-LINE-022	""	""
フェランチ効果の判定	軽負荷・無負荷の長距離線路では受電端電圧が送電端電圧より高くなり得る	電力管理	線路静電容量による進み電流と直列リアクタンスの電圧変化が原因です。問題文に送受電端電圧、線路リアクタンス、相差角または軽負荷条件が与えられ、「フェランチ効果の判定」が問われる問題で使います。無損失近似と電力・無効電力の正方向を確認し、逆潮流ではP・Qの符号を母線注入規約へ合わせます。	PM-LINE-023	""	""
架空線の放物線近似による中央たるみ	D=\frac{wS^2}{8T}	電力管理	wは単位長さ当たり合成荷重、Sは径間、Tは水平張力です。たるみが径間に比べて小さい条件で用います。問題文に径間、水平張力、単位長さ当たり荷重、温度または支持点高低差が与えられ、「架空線の放物線近似による中央たるみ」が問われる問題で使います。水平張力、径間、単位長さ当たり合成荷重を同じ単位にそろえ、事故前後の温度・荷重条件を区別します。	PM-LINE-024	""	""
放物線近似による架空線の長さ	l\simeq S+\frac{8D^2}{3S}	電力管理	両支持点が同じ高さで、Dは中央たるみです。問題文に径間、水平張力、単位長さ当たり荷重、温度または支持点高低差が与えられ、「放物線近似による架空線の長さ」が問われる問題で使います。水平張力、径間、単位長さ当たり合成荷重を同じ単位にそろえ、事故前後の温度・荷重条件を区別します。	PM-LINE-025	""	""
着氷雪と風圧を含む架空線の合成荷重	w=\sqrt{(w_c+w_i)^2+w_w^2}	電力管理	導体自重w_cと着氷雪荷重w_iは鉛直、風圧荷重w_wは水平として合成します。問題文に径間、水平張力、単位長さ当たり荷重、温度または支持点高低差が与えられ、「着氷雪と風圧を含む架空線の合成荷重」が問われる問題で使います。水平張力、径間、単位長さ当たり合成荷重を同じ単位にそろえ、事故前後の温度・荷重条件を区別します。	PM-LINE-026	""	""
高低差がある径間で低い支持点から最低点までの水平距離	x=\frac{S}{2}-\frac{hT}{wS}	電力管理	高い支持点が低い支持点よりhだけ高い場合です。最低点が径間外になることもあります。問題文に径間、水平張力、単位長さ当たり荷重、温度または支持点高低差が与えられ、「高低差がある径間で低い支持点から最低点までの水平距離」が問われる問題で使います。水平張力、径間、単位長さ当たり合成荷重を同じ単位にそろえ、事故前後の温度・荷重条件を区別します。	PM-LINE-027	""	""
温度・荷重変化に対する架空線の状態方程式	\frac{T_2-T_1}{EA}=\frac{w_2^2S^2}{24T_2^2}-\frac{w_1^2S^2}{24T_1^2}-\alpha(t_2-t_1)	電力管理	放物線近似で、Eはヤング率、Aは断面積、αは線膨張係数です。問題文に径間、水平張力、単位長さ当たり荷重、温度または支持点高低差が与えられ、「温度・荷重変化に対する架空線の状態方程式」が問われる問題で使います。水平張力、径間、単位長さ当たり合成荷重を同じ単位にそろえ、事故前後の温度・荷重条件を区別します。	PM-LINE-028	""	""
並行線路間の誘導起電力	\dot{E}_m=j\omega M\dot{I}	電力管理	Mは相互インダクタンスです。向きと極性は相互結合の基準方向で決まります。問題文に並行回線、電圧差、導体費、損失費または周波数が与えられ、「並行線路間の誘導起電力」が問われる問題で使います。等価回路や導体配置を先に描き、誘導・循環電流・保護リレーの電圧電流方向をそろえて評価します。	PM-LINE-029	""	""
電圧差による閉ループの循環電流	\dot{I}_c=\frac{\Delta\dot{V}}{Z_1+Z_2}	電力管理	並列回路やループ系統で、起電力差をループ全インピーダンスで割ります。問題文に並行回線、電圧差、導体費、損失費または周波数が与えられ、「電圧差による閉ループの循環電流」が問われる問題で使います。等価回路や導体配置を先に描き、誘導・循環電流・保護リレーの電圧電流方向をそろえて評価します。	PM-LINE-030	""	""
同一抵抗の回線をn回線並列にしたときの合成抵抗	R_{eq}=\frac{R}{n}	電力管理	総電流一定なら銅損は単回線の1/nになります。各回線に均等分流する条件です。問題文に並行回線、電圧差、導体費、損失費または周波数が与えられ、「同一抵抗の回線をn回線並列にしたときの合成抵抗」が問われる問題で使います。等価回路や導体配置を先に描き、誘導・循環電流・保護リレーの電圧電流方向をそろえて評価します。	PM-LINE-031	""	""
ケルビンの法則による経済的導体断面積の条件	導体断面積増加に伴う年間固定費の増分と年間電力損失費の減少分が等しい	電力管理	料金・負荷率などの係数は問題で与えられるため、基本の最適化条件を覚えます。問題文の並行回線、電圧差、導体費、損失費または周波数に注目し、「ケルビンの法則による経済的導体断面積の条件」を判断・説明する問題で使います。等価回路や導体配置を先に描き、誘導・循環電流・保護リレーの電圧電流方向をそろえて評価します。	PM-LINE-032	""	""
表皮効果が交流抵抗に与える影響	周波数・導体径・透磁率が大きいほど電流が表面に偏り、交流抵抗は増加する	電力管理	直流抵抗より交流抵抗が大きくなる定性的判断です。問題文に並行回線、電圧差、導体費、損失費または周波数が与えられ、「表皮効果が交流抵抗に与える影響」が問われる問題で使います。等価回路や導体配置を先に描き、誘導・循環電流・保護リレーの電圧電流方向をそろえて評価します。	PM-LINE-033	""	""
発電設備の熱効率	\eta=\frac{W_e}{Q_{in}}	電力管理	電気出力エネルギーを投入熱量で割ります。同じ時間のエネルギーまたは電力で比較します。問題文に入出力エネルギー、燃料発熱量、蒸気・冷却水条件または各設備効率が与えられ、「発電設備の熱効率」が問われる問題で使います。熱量と電力量の時間基準・単位をそろえ、効率は各段の入力と出力の向きを確認して計算します。	PM-GEN-001	""	""
熱効率と熱消費率の関係	h=\frac{3600}{\eta}\quad[\mathrm{kJ/kWh}]	電力管理	ηを小数で表し、1 kWh=3600 kJを用いた関係です。問題文に入出力エネルギー、燃料発熱量、蒸気・冷却水条件または各設備効率が与えられ、「熱効率と熱消費率の関係」が問われる問題で使います。熱量と電力量の時間基準・単位をそろえ、効率は各段の入力と出力の向きを確認して計算します。	PM-GEN-002	""	""
発電電力量と燃料発熱量から燃料消費量を求める式	m=\frac{3600E}{\eta H_u}	電力管理	EはkWh、H_uはkJ/kgとした場合にmがkgで得られます。問題文に入出力エネルギー、燃料発熱量、蒸気・冷却水条件または各設備効率が与えられ、「発電電力量と燃料発熱量から燃料消費量を求める式」が問われる問題で使います。熱量と電力量の時間基準・単位をそろえ、効率は各段の入力と出力の向きを確認して計算します。	PM-GEN-003	""	""
ボイラ効率	\eta_b=\frac{Q_{steam}}{Q_{fuel}}	電力管理	蒸気が受け取った熱量を燃料の投入熱量で割ります。問題文に入出力エネルギー、燃料発熱量、蒸気・冷却水条件または各設備効率が与えられ、「ボイラ効率」が問われる問題で使います。熱量と電力量の時間基準・単位をそろえ、効率は各段の入力と出力の向きを確認して計算します。	PM-GEN-004	""	""
タービン効率	\eta_t=\frac{W_{shaft}}{Q_{steam}}	電力管理	蒸気から得た軸仕事をタービンへ入った有効熱量で割る基本定義です。問題文に入出力エネルギー、燃料発熱量、蒸気・冷却水条件または各設備効率が与えられ、「タービン効率」が問われる問題で使います。熱量と電力量の時間基準・単位をそろえ、効率は各段の入力と出力の向きを確認して計算します。	PM-GEN-005	""	""
発電機効率	\eta_g=\frac{P_e}{P_{shaft}}	電力管理	発電機端電力を機械入力で割ります。問題文に入出力エネルギー、燃料発熱量、蒸気・冷却水条件または各設備効率が与えられ、「発電機効率」が問われる問題で使います。熱量と電力量の時間基準・単位をそろえ、効率は各段の入力と出力の向きを確認して計算します。	PM-GEN-006	""	""
直列に連なる設備の総合効率	\eta_{total}=\eta_1\eta_2\cdots\eta_n	電力管理	各段の出力が次段の入力になるとき、効率は積になります。問題文に入出力エネルギー、燃料発熱量、蒸気・冷却水条件または各設備効率が与えられ、「直列に連なる設備の総合効率」が問われる問題で使います。熱量と電力量の時間基準・単位をそろえ、効率は各段の入力と出力の向きを確認して計算します。	PM-GEN-007	""	""
所内率	r_{aux}=\frac{P_{aux}}{P_{gross}}	電力管理	発電端出力に対する所内消費電力の割合です。送電端出力はP_gross-P_auxです。問題文に入出力エネルギー、燃料発熱量、蒸気・冷却水条件または各設備効率が与えられ、「所内率」が問われる問題で使います。熱量と電力量の時間基準・単位をそろえ、効率は各段の入力と出力の向きを確認して計算します。	PM-GEN-008	""	""
発電端出力から送電端出力を求める式	P_{net}=P_{gross}(1-r_{aux})	電力管理	所内率r_auxを小数で用います。問題文に入出力エネルギー、燃料発熱量、蒸気・冷却水条件または各設備効率が与えられ、「発電端出力から送電端出力を求める式」が問われる問題で使います。熱量と電力量の時間基準・単位をそろえ、効率は各段の入力と出力の向きを確認して計算します。	PM-GEN-009	""	""
送電効率	\eta_{tr}=\frac{P_r}{P_s}=1-\frac{P_{loss}}{P_s}	電力管理	P_sは送電端入力、P_rは受電端出力です。問題文に入出力エネルギー、燃料発熱量、蒸気・冷却水条件または各設備効率が与えられ、「送電効率」が問われる問題で使います。熱量と電力量の時間基準・単位をそろえ、効率は各段の入力と出力の向きを確認して計算します。	PM-GEN-010	""	""
復水器の冷却水熱収支	Q=m_wc_p(t_{out}-t_{in})	電力管理	冷却水が受け取る熱量を質量流量と温度上昇から求めます。問題文に入出力エネルギー、燃料発熱量、蒸気・冷却水条件または各設備効率が与えられ、「復水器の冷却水熱収支」が問われる問題で使います。熱量と電力量の時間基準・単位をそろえ、効率は各段の入力と出力の向きを確認して計算します。	PM-GEN-011	""	""
復水器の蒸気側と冷却水側の熱収支	m_s(h_{in}-h_{out})=m_wc_p(t_{out}-t_{in})	電力管理	外部への熱損失を無視した定常状態の関係です。問題文に入出力エネルギー、燃料発熱量、蒸気・冷却水条件または各設備効率が与えられ、「復水器の蒸気側と冷却水側の熱収支」が問われる問題で使います。熱量と電力量の時間基準・単位をそろえ、効率は各段の入力と出力の向きを確認して計算します。	PM-GEN-012	""	""
排熱回収複合発電の総合効率	\eta_{cc}=\eta_g+(1-\eta_g)\eta_s	電力管理	ガスタービン排熱のうちη_sを蒸気系で電力へ変換する理想化した関係です。問題文に入出力エネルギー、燃料発熱量、蒸気・冷却水条件または各設備効率が与えられ、「排熱回収複合発電の総合効率」が問われる問題で使います。熱量と電力量の時間基準・単位をそろえ、効率は各段の入力と出力の向きを確認して計算します。	PM-GEN-013	""	""
水力発電所の出力	P=9.8QH\eta\quad[\mathrm{kW}]	電力管理	Qはm³/s、Hはm、ηは水車・発電機を含む総合効率です。問題文に流量、有効落差・揚程、水量、運転時間および発電・ポンプ効率が与えられ、「水力発電所の出力」が問われる問題で使います。発電時は効率を掛け、揚水時は必要入力を求めるため効率で割る点を取り違えないようにします。	PM-GEN-014	""	""
揚水に必要なポンプ入力	P_{pump}=\frac{9.8QH}{\eta_p}\quad[\mathrm{kW}]	電力管理	Qはm³/s、Hはm、η_pはポンプ・電動機を含む効率です。問題文に流量、有効落差・揚程、水量、運転時間および発電・ポンプ効率が与えられ、「揚水に必要なポンプ入力」が問われる問題で使います。発電時は効率を掛け、揚水時は必要入力を求めるため効率で割る点を取り違えないようにします。	PM-GEN-015	""	""
揚水発電の往復効率	\eta_{round}=\frac{E_{gen}}{E_{pump}}\simeq\eta_p\eta_g	電力管理	同じ水量・有効落差で、導水損失などを各効率へ含める近似です。問題文に流量、有効落差・揚程、水量、運転時間および発電・ポンプ効率が与えられ、「揚水発電の往復効率」が問われる問題で使います。発電時は効率を掛け、揚水時は必要入力を求めるため効率で割る点を取り違えないようにします。	PM-GEN-016	""	""
貯水池の水量収支	\Delta V=(Q_{in}-Q_{out})\Delta t	電力管理	流量の単位と時間の単位をそろえます。蒸発や漏水がある場合は別項を加えます。問題文に流量、有効落差・揚程、水量、運転時間および発電・ポンプ効率が与えられ、「貯水池の水量収支」が問われる問題で使います。発電時は効率を掛け、揚水時は必要入力を求めるため効率で割る点を取り違えないようにします。	PM-GEN-017	""	""
設備利用率	CF=\frac{E_{annual}}{P_N\times8760}	電力管理	年間発電電力量を定格出力で年間連続運転した電力量で割ります。問題文に最大需要、設備容量、平均需要、年間電力量または損失電力量が与えられ、「設備利用率」が問われる問題で使います。最大値・平均値・設備容量のどれを分母にする指標かを確認し、負荷曲線は面積として積算します。	PM-GEN-018	""	""
負荷率	LF=\frac{P_{avg}}{P_{max}}=\frac{E}{P_{max}T}	電力管理	平均需要を最大需要で割ります。期間Tを明示して用います。問題文に最大需要、設備容量、平均需要、年間電力量または損失電力量が与えられ、「負荷率」が問われる問題で使います。最大値・平均値・設備容量のどれを分母にする指標かを確認し、負荷曲線は面積として積算します。	PM-GEN-019	""	""
需要率	DF=\frac{P_{max}}{P_{connected}}	電力管理	最大需要電力を設備の合計接続容量で割ります。問題文に最大需要、設備容量、平均需要、年間電力量または損失電力量が与えられ、「需要率」が問われる問題で使います。最大値・平均値・設備容量のどれを分母にする指標かを確認し、負荷曲線は面積として積算します。	PM-GEN-020	""	""
不等率	D_v=\frac{\sum P_{max,i}}{P_{max,system}}	電力管理	各需要家の個別最大需要の和を系統同時最大需要で割るため、通常1以上です。問題文に最大需要、設備容量、平均需要、年間電力量または損失電力量が与えられ、「不等率」が問われる問題で使います。最大値・平均値・設備容量のどれを分母にする指標かを確認し、負荷曲線は面積として積算します。	PM-GEN-021	""	""
年負荷曲線から年間電力量を求める方法	E=\int_0^{8760}P(t)\,dt	電力管理	負荷持続曲線でも曲線下の面積は同じ年間電力量です。問題文に最大需要、設備容量、平均需要、年間電力量または損失電力量が与えられ、「年負荷曲線から年間電力量を求める方法」が問われる問題で使います。最大値・平均値・設備容量のどれを分母にする指標かを確認し、負荷曲線は面積として積算します。	PM-GEN-022	""	""
損失率	F_{loss}=\frac{E_{loss}}{P_{loss,max}T}	電力管理	期間損失電力量を最大損失が全期間続いた電力量で割ります。負荷率との経験的近似は問題で与えられるものを使います。問題文に最大需要、設備容量、平均需要、年間電力量または損失電力量が与えられ、「損失率」が問われる問題で使います。最大値・平均値・設備容量のどれを分母にする指標かを確認し、負荷曲線は面積として積算します。	PM-GEN-023	""	""
燃料費曲線の増分燃料費	\lambda_i=\frac{dF_i(P_i)}{dP_i}	電力管理	発電出力をわずかに増やしたときの燃料費増分です。問題文に各発電機の燃料費曲線、出力制約、需要および送電損失が与えられ、「燃料費曲線の増分燃料費」が問われる問題で使います。各発電機の増分燃料費をそろえ、上限・下限に達した機は固定して残りの機で需給平衡を満たします。	PM-GEN-024	""	""
送電損失を無視した経済負荷配分の条件	\frac{dF_1}{dP_1}=\frac{dF_2}{dP_2}=\cdots=\lambda	電力管理	各発電機が出力上下限制約内にあるとき、増分燃料費を等しくします。問題文の各発電機の燃料費曲線、出力制約、需要および送電損失に注目し、「送電損失を無視した経済負荷配分の条件」を判断・説明する問題で使います。各発電機の増分燃料費をそろえ、上限・下限に達した機は固定して残りの機で需給平衡を満たします。	PM-GEN-025	""	""
送電損失を考慮する経済負荷配分のペナルティ係数	L_i=\frac{1}{1-\partial P_L/\partial P_i}	電力管理	発電機iを増分したときの送電損失増分を補正します。問題文に各発電機の燃料費曲線、出力制約、需要および送電損失が与えられ、「送電損失を考慮する経済負荷配分のペナルティ係数」が問われる問題で使います。各発電機の増分燃料費をそろえ、上限・下限に達した機は固定して残りの機で需給平衡を満たします。	PM-GEN-026	""	""
送電損失を考慮した協調方程式	L_i\frac{dF_i}{dP_i}=\lambda	電力管理	上下限制約に達していない各発電機で、ペナルティ係数付き増分費を等しくします。問題文に各発電機の燃料費曲線、出力制約、需要および送電損失が与えられ、「送電損失を考慮した協調方程式」が問われる問題で使います。各発電機の増分燃料費をそろえ、上限・下限に達した機は固定して残りの機で需給平衡を満たします。	PM-GEN-027	""	""
発電電力の需給平衡条件	\sum_iP_i=P_D+P_L	電力管理	総発電電力は需要電力と送電損失の和に一致します。問題文の各発電機の燃料費曲線、出力制約、需要および送電損失に注目し、「発電電力の需給平衡条件」を判断・説明する問題で使います。各発電機の増分燃料費をそろえ、上限・下限に達した機は固定して残りの機で需給平衡を満たします。	PM-GEN-028	""	""
出力制約付き経済負荷配分の判断	P_{i,min}\le P_i\le P_{i,max}	電力管理	無制約解が上下限を外れた発電機は限界値に固定し、残りで再配分します。問題文の各発電機の燃料費曲線、出力制約、需要および送電損失に注目し、「出力制約付き経済負荷配分の判断」を判断・説明する問題で使います。各発電機の増分燃料費をそろえ、上限・下限に達した機は固定して残りの機で需給平衡を満たします。	PM-GEN-029	""	""
起動費を含む運転費	C_{total}=\sum_iF_i(P_i)+\sum_iC_{start,i}	電力管理	起動停止計画では燃料費だけでなく起動費も加えて比較します。問題文に各発電機の燃料費曲線、出力制約、需要および送電損失が与えられ、「起動費を含む運転費」が問われる問題で使います。各発電機の増分燃料費をそろえ、上限・下限に達した機は固定して残りの機で需給平衡を満たします。	PM-GEN-030	""	""
無損失系統の電力相差角特性	P_e=P_{max}\sin\delta=\frac{EV}{X}\sin\delta	電力管理	丸形同期機と無限大母線間の合成リアクタンスをXとした基本式です。問題文に機械入力、電気出力、内部電圧、リアクタンス、相差角または事故除去条件が与えられ、「無損失系統の電力相差角特性」が問われる問題で使います。事故前・事故中・事故除去後で電力相差角曲線を分け、加速面積と減速面積を同じ基準で比較します。	PM-STB-001	""	""
同期機の加速電力	P_a=P_m-P_e	電力管理	P_aが正なら回転子は加速し、負なら減速します。問題文に機械入力、電気出力、内部電圧、リアクタンス、相差角または事故除去条件が与えられ、「同期機の加速電力」が問われる問題で使います。事故前・事故中・事故除去後で電力相差角曲線を分け、加速面積と減速面積を同じ基準で比較します。	PM-STB-002	""	""
同期機の慣性定数	H=\frac{\tfrac{1}{2}J\omega_s^2}{S_N}	電力管理	定格容量当たりの同期速度時回転エネルギーで、通常は秒を単位とします。問題文に機械入力、電気出力、内部電圧、リアクタンス、相差角または事故除去条件が与えられ、「同期機の慣性定数」が問われる問題で使います。事故前・事故中・事故除去後で電力相差角曲線を分け、加速面積と減速面積を同じ基準で比較します。	PM-STB-003	""	""
単位法で表した同期機の動揺方程式	\frac{2H}{\omega_s}\frac{d^2\delta}{dt^2}=P_m-P_e	電力管理	減衰を無視し、P_mとP_eを同一容量基準のp.u.で表します。問題文に機械入力、電気出力、内部電圧、リアクタンス、相差角または事故除去条件が与えられ、「単位法で表した同期機の動揺方程式」が問われる問題で使います。事故前・事故中・事故除去後で電力相差角曲線を分け、加速面積と減速面積を同じ基準で比較します。	PM-STB-004	""	""
等面積法の安定限界条件	\int_{\delta_0}^{\delta_c}(P_m-P_{e,f})d\delta=\int_{\delta_c}^{\delta_{max}}(P_{e,p}-P_m)d\delta	電力管理	故障中の加速面積と故障除去後の減速面積が等しい限界状態です。問題文の機械入力、電気出力、内部電圧、リアクタンス、相差角または事故除去条件に注目し、「等面積法の安定限界条件」を判断・説明する問題で使います。事故前・事故中・事故除去後で電力相差角曲線を分け、加速面積と減速面積を同じ基準で比較します。	PM-STB-005	""	""
定常運転点の安定判別	P_m=P_e,\quad \left.\frac{dP_e}{d\delta}\right|_{\delta_0}>0	電力管理	微小な角度増加で電気出力が増え、復元力が働く運転点が安定です。問題文の機械入力、電気出力、内部電圧、リアクタンス、相差角または事故除去条件に注目し、「定常運転点の安定判別」を判断・説明する問題で使います。事故前・事故中・事故除去後で電力相差角曲線を分け、加速面積と減速面積を同じ基準で比較します。	PM-STB-006	""	""
同期化電力係数	P_s=\frac{dP_e}{d\delta}=P_{max}\cos\delta	電力管理	電力相差角特性の傾きで、小擾乱時の同期化力を表します。問題文に機械入力、電気出力、内部電圧、リアクタンス、相差角または事故除去条件が与えられ、「同期化電力係数」が問われる問題で使います。事故前・事故中・事故除去後で電力相差角曲線を分け、加速面積と減速面積を同じ基準で比較します。	PM-STB-007	""	""
無限大母線の基本的な扱い	接続する1台の発電機の出力変化では母線電圧の大きさと周波数は変化しない	電力管理	有効電力は主に原動機入力、無効電力は主に界磁で調整します。問題文の機械入力、電気出力、内部電圧、リアクタンス、相差角または事故除去条件に注目し、「無限大母線の基本的な扱い」を判断・説明する問題で使います。事故前・事故中・事故除去後で電力相差角曲線を分け、加速面積と減速面積を同じ基準で比較します。	PM-STB-008	""	""
ガバナ速度調定率	R=-\frac{\Delta f/f_N}{\Delta P/P_N}	電力管理	出力増加時に周波数指令が下がる垂下特性を正のRで表す符号規約です。問題文に負荷変化、速度調定率、周波数偏差および発電機・負荷の周波数特性が与えられ、「ガバナ速度調定率」が問われる問題で使います。出力増加と周波数偏差の符号を固定し、各発電機の調定率と負荷周波数特性を同一容量基準へ換算します。	PM-STB-009	""	""
ガバナ垂下特性による出力変化	\Delta P_G=-\frac{1}{R}\Delta f	電力管理	周波数と出力を同じp.u.基準で表した一次近似です。問題文に負荷変化、速度調定率、周波数偏差および発電機・負荷の周波数特性が与えられ、「ガバナ垂下特性による出力変化」が問われる問題で使います。出力増加と周波数偏差の符号を固定し、各発電機の調定率と負荷周波数特性を同一容量基準へ換算します。	PM-STB-010	""	""
複数発電機の一次調整力による負荷分担	\Delta P_i=\frac{1/R_i}{\sum_k1/R_k}\Delta P_D	電力管理	負荷周波数特性と損失を無視すると、出力増分は1/Rに比例します。問題文に負荷変化、速度調定率、周波数偏差および発電機・負荷の周波数特性が与えられ、「複数発電機の一次調整力による負荷分担」が問われる問題で使います。出力増加と周波数偏差の符号を固定し、各発電機の調定率と負荷周波数特性を同一容量基準へ換算します。	PM-STB-011	""	""
負荷周波数特性を含む定常周波数偏差	\Delta f=-\frac{\Delta P_D}{D+\sum_i1/R_i}	電力管理	Dは周波数低下に対して負荷が減少する係数です。符号規約を明示して使います。問題文に負荷変化、速度調定率、周波数偏差および発電機・負荷の周波数特性が与えられ、「負荷周波数特性を含む定常周波数偏差」が問われる問題で使います。出力増加と周波数偏差の符号を固定し、各発電機の調定率と負荷周波数特性を同一容量基準へ換算します。	PM-STB-012	""	""
電圧安定限界の基本判定	潮流方程式ヤコビアンが特異に近づくと電圧変化に対する無効電力感度が増大する	電力管理	P-V曲線やQ-V曲線の折返し点が静的電圧安定限界の目安です。問題文に受電端電圧と負荷電力の変化が与えられ、「電圧安定限界の基本判定」が問われる問題で使います。スラック・PV・PQ母線の既知量を整理し、母線アドミタンス行列の符号規約を一貫させます。	PM-STB-013	""	""
逆潮流の符号判断	設定した正方向と反対へ有効電力が流れるとPの符号が負になる	電力管理	発電・負荷規約を混在させず、四端子式と複素電力式で電流方向を統一します。問題文の潮流の向きと母線への注入・受電の符号規約に注目し、「逆潮流の符号判断」を判断・説明する問題で使います。逆潮流では送電・受電の正方向を先に決め、母線注入電力の符号へ統一します。	PM-STB-014	""	""
接地電位上昇	GPR=I_gR_g	電力管理	接地網へ流入する電流I_gと接地抵抗R_gの積です。問題文に接地電流、接地抵抗、接地物と地表の電位分布または歩幅が与えられ、「接地電位上昇」が問われる問題で使います。接地電流の帰路と地表電位分布を描き、人体抵抗には手足・履物・表面層の直並列関係を反映します。	PM-GRD-001	""	""
接触電圧の基本定義	E_{touch}=V_{object}-V_{feet}	電力管理	接地された金属体と人の足位置の地表電位との差です。問題文に接地電流、接地抵抗、接地物と地表の電位分布または歩幅が与えられ、「接触電圧の基本定義」が問われる問題で使います。接地電流の帰路と地表電位分布を描き、人体抵抗には手足・履物・表面層の直並列関係を反映します。	PM-GRD-002	""	""
歩幅電圧の基本定義	E_{step}=V(x)-V(x+s)	電力管理	地表上で歩幅sだけ離れた2点間の電位差です。問題文に接地電流、接地抵抗、接地物と地表の電位分布または歩幅が与えられ、「歩幅電圧の基本定義」が問われる問題で使います。接地電流の帰路と地表電位分布を描き、人体抵抗には手足・履物・表面層の直並列関係を反映します。	PM-GRD-003	""	""
接触時の人体電流	I_B=\frac{E_{touch}}{R_B+R_{contact}}	電力管理	R_contactには手・足・履物・表面層の等価抵抗を、実際の直並列接続に従って含めます。問題文に接触・歩幅電圧と人体・履物・地表面層の等価抵抗が与えられ、「接触時の人体電流」が問われる問題で使います。接地電流の帰路と地表電位分布を描き、人体抵抗には手足・履物・表面層の直並列関係を反映します。	PM-GRD-004	""	""
歩幅電圧による人体電流	I_B=\frac{E_{step}}{R_{foot1}+R_B+R_{foot2}}	電力管理	両足接触抵抗と人体抵抗は歩幅電流経路で直列になります。問題文に接触・歩幅電圧と人体・履物・地表面層の等価抵抗が与えられ、「歩幅電圧による人体電流」が問われる問題で使います。接地電流の帰路と地表電位分布を描き、人体抵抗には手足・履物・表面層の直並列関係を反映します。	PM-GRD-005	""	""
垂直接地棒の接地抵抗近似	R_g\simeq\frac{\rho}{2\pi l}\left(\ln\frac{4l}{d}-1\right)	電力管理	一様大地中の細長い単独接地棒に対する代表近似です。ρは大地抵抗率です。問題文に接触・歩幅電圧と人体・履物・地表面層の等価抵抗が与えられ、「垂直接地棒の接地抵抗近似」が問われる問題で使います。接地電流の帰路と地表電位分布を描き、人体抵抗には手足・履物・表面層の直並列関係を反映します。	PM-GRD-006	""	""
コンデンサの充電電流	I_C=\omega CV	電力管理	正弦波定常状態で、Cは対象区間の静電容量、Vはその端子電圧実効値です。問題文に試験電圧、漏れ電流、静電容量、誘電正接または測定時間が与えられ、「コンデンサの充電電流」が問われる問題で使います。試験が直流か交流か、測定時刻と温度条件を確認し、判定値は対象機器の規格に従います。	PM-INS-001	""	""
誘電体損失	P_d=\omega CV^2\tan\delta	電力管理	並列等価回路で表す正弦波電圧の誘電損です。問題文に試験電圧、漏れ電流、静電容量、誘電正接または測定時間が与えられ、「誘電体損失」が問われる問題で使います。試験が直流か交流か、測定時刻と温度条件を確認し、判定値は対象機器の規格に従います。	PM-INS-002	""	""
絶縁抵抗	R_{ins}=\frac{V_{dc}}{I_{leak}}	電力管理	直流試験電圧と十分時間経過後の漏れ電流から求めます。問題文に試験電圧、漏れ電流、静電容量、誘電正接または測定時間が与えられ、「絶縁抵抗」が問われる問題で使います。試験が直流か交流か、測定時刻と温度条件を確認し、判定値は対象機器の規格に従います。	PM-INS-003	""	""
成極指数	PI=\frac{R_{10\,min}}{R_{1\,min}}	電力管理	絶縁抵抗の時間変化を評価する代表指標です。判定値は規格・機器条件に従います。問題文に試験電圧、漏れ電流、静電容量、誘電正接または測定時間が与えられ、「成極指数」が問われる問題で使います。試験が直流か交流か、測定時刻と温度条件を確認し、判定値は対象機器の規格に従います。	PM-INS-004	""	""
直列リアクトル率と高調波共振次数の関係	n_r=\sqrt{\frac{X_C}{X_L}}=\frac{1}{\sqrt{p}}	電力管理	p=X_L/X_Cを基本波で定義したときの共振次数です。問題文に基本波と高調波、リアクトル率、フィルタL・Cまたは各次高調波電流が与えられ、「直列リアクトル率と高調波共振次数の関係」が問われる問題で使います。基本波と各高調波を別成分として扱い、同調点や実効値は二乗和で確認します。	PM-INS-005	""	""
単一同調フィルタの同調条件	\omega_hL=\frac{1}{\omega_hC}	電力管理	対象高調波角周波数ω_hでリアクトルとコンデンサを直列共振させます。問題文の基本波と高調波、リアクトル率、フィルタL・Cまたは各次高調波電流に注目し、「単一同調フィルタの同調条件」を判断・説明する問題で使います。基本波と各高調波を別成分として扱い、同調点や実効値は二乗和で確認します。	PM-INS-006	""	""
高調波を含む電流の実効値	I_{rms}=\sqrt{\sum_{h=1}^{\infty}I_h^2}	電力管理	異なる周波数成分は直交するため、実効値の二乗和平方根で合成します。問題文に基本波と高調波、リアクトル率、フィルタL・Cまたは各次高調波電流が与えられ、「高調波を含む電流の実効値」が問われる問題で使います。基本波と各高調波を別成分として扱い、同調点や実効値は二乗和で確認します。	PM-INS-007	""	""
全高調波ひずみ率	THD=\frac{\sqrt{\sum_{h=2}^{\infty}X_h^2}}{X_1}	電力管理	Xは電圧または電流の各調波実効値です。問題文に基本波と高調波、リアクトル率、フィルタL・Cまたは各次高調波電流が与えられ、「全高調波ひずみ率」が問われる問題で使います。基本波と各高調波を別成分として扱い、同調点や実効値は二乗和で確認します。	PM-INS-008	""	""
ケーブル故障点のパルス反射法による距離	x=\frac{vt}{2}	電力管理	パルスの往復時間tと伝搬速度vから故障点までの片道距離を求めます。問題文にパルス往復時間、ループ抵抗比またはブリッジの抵抗比が与えられ、「ケーブル故障点のパルス反射法による距離」が問われる問題で使います。故障ケーブルの往復経路またはブリッジ平衡条件を図にして、距離比と抵抗比の対応を確認します。	PM-INS-009	""	""
マーレーループ法の距離比	\frac{x}{2L-x}=\frac{R_1}{R_2}	電力管理	健全線と故障線の単位長抵抗が等しい基本接続です。ブリッジ腕の定義は回路図で確認します。問題文にパルス往復時間、ループ抵抗比またはブリッジの抵抗比が与えられ、「マーレーループ法の距離比」が問われる問題で使います。故障ケーブルの往復経路またはブリッジ平衡条件を図にして、距離比と抵抗比の対応を確認します。	PM-INS-010	""	""
ホイートストンブリッジの平衡条件	R_1R_4=R_2R_3	電力管理	向かい合う抵抗の積が等しいと検流計電流が零になります。問題文のパルス往復時間、ループ抵抗比またはブリッジの抵抗比に注目し、「ホイートストンブリッジの平衡条件」を判断・説明する問題で使います。故障ケーブルの往復経路またはブリッジ平衡条件を図にして、距離比と抵抗比の対応を確認します。	PM-INS-011	""	""
同期速度	n_s=\frac{120f}{p}\quad[\mathrm{min^{-1}}]	機械制御	fは電源周波数、pは極数です。極対数を使う式と混同しないようにします。問題文に周波数、極数、磁束、巻線係数または1相直列巻数が与えられ、「同期速度」が問われる問題で使います。極数と極対数を混同せず、誘導起電力は1相値・正弦波磁束の条件で扱います。	MC-SYN-001	""	""
同期発電機の1相誘導起電力	E=4.44k_wfN\Phi_m	機械制御	Nは1相直列巻数、k_wは巻線係数、Φ_mは1極当たり最大磁束です。問題文に周波数、極数、磁束、巻線係数または1相直列巻数が与えられ、「同期発電機の1相誘導起電力」が問われる問題で使います。極数と極対数を混同せず、誘導起電力は1相値・正弦波磁束の条件で扱います。	MC-SYN-002	""	""
丸形同期発電機のフェーザ方程式	\dot{E}=\dot{V}+(R_a+jX_s)\dot{I}	機械制御	電流を発電機から外部へ流れ出す向きに取った発電機規約です。問題文に発電機・電動機の別、端子電圧、電機子電流と同期インピーダンスが与えられ、「丸形同期発電機のフェーザ方程式」が問われる問題で使います。発電機では電流を外向き、電動機では内向きに取り、フェーザ式の電圧降下方向を逆にします。	MC-SYN-003	""	""
丸形同期電動機のフェーザ方程式	\dot{E}=\dot{V}-(R_a+jX_s)\dot{I}	機械制御	電流を電動機へ流れ込む向きに取った電動機規約です。問題文に発電機・電動機の別、端子電圧、電機子電流と同期インピーダンスが与えられ、「丸形同期電動機のフェーザ方程式」が問われる問題で使います。発電機では電流を外向き、電動機では内向きに取り、フェーザ式の電圧降下方向を逆にします。	MC-SYN-004	""	""
丸形同期機の電力相差角特性	P=\frac{VE}{X_s}\sin\delta	機械制御	抵抗を無視した1相当たりの式です。三相合計なら3倍します。問題文に内部電圧、端子電圧、同期リアクタンス、相差角または機械角速度が与えられ、「丸形同期機の電力相差角特性」が問われる問題で使います。円筒形では電機子抵抗を無視した基本式を使い、突極機ではリラクタンストルク項を追加します。	MC-SYN-005	""	""
突極同期機の電力相差角特性	P=\frac{VE}{X_d}\sin\delta+\frac{V^2}{2}\left(\frac{1}{X_q}-\frac{1}{X_d}\right)\sin2\delta	機械制御	抵抗を無視した1相当たりです。第2項がリラクタンストルク成分です。問題文に内部電圧、端子電圧、同期リアクタンス、相差角または機械角速度が与えられ、「突極同期機の電力相差角特性」が問われる問題で使います。円筒形では電機子抵抗を無視した基本式を使い、突極機ではリラクタンストルク項を追加します。	MC-SYN-006	""	""
突極同期機のリラクタンス電力	P_r=\frac{V^2}{2}\left(\frac{1}{X_q}-\frac{1}{X_d}\right)\sin2\delta	機械制御	界磁起電力に依存しない突極性による電力成分です。問題文に内部電圧、端子電圧、同期リアクタンス、相差角または機械角速度が与えられ、「突極同期機のリラクタンス電力」が問われる問題で使います。円筒形では電機子抵抗を無視した基本式を使い、突極機ではリラクタンストルク項を追加します。	MC-SYN-007	""	""
丸形同期発電機が無限大母線へ供給する無効電力	Q=\frac{VE}{X_s}\cos\delta-\frac{V^2}{X_s}	機械制御	抵抗を無視した1相当たりで、母線へ供給する遅れ無効電力を正とします。問題文に内部電圧、端子電圧、同期リアクタンス、相差角または機械角速度が与えられ、「丸形同期発電機が無限大母線へ供給する無効電力」が問われる問題で使います。円筒形では電機子抵抗を無視した基本式を使い、突極機ではリラクタンストルク項を追加します。	MC-SYN-008	""	""
同期化電力係数	P_{syn}=\frac{dP}{d\delta}	機械制御	運転点付近の角度変化に対する電力変化率で、同期化トルク係数はP_syn/ω_sです。問題文に内部電圧、端子電圧、同期リアクタンス、相差角または機械角速度が与えられ、「同期化電力係数」が問われる問題で使います。円筒形では電機子抵抗を無視した基本式を使い、突極機ではリラクタンストルク項を追加します。	MC-SYN-009	""	""
電磁トルクと電力の関係	T_e=\frac{P_e}{\omega_s}	機械制御	同期機では定常状態の機械角速度が同期角速度です。問題文に内部電圧、端子電圧、同期リアクタンス、相差角または機械角速度が与えられ、「電磁トルクと電力の関係」が問われる問題で使います。円筒形では電機子抵抗を無視した基本式を使い、突極機ではリラクタンストルク項を追加します。	MC-SYN-010	""	""
同期インピーダンス法による同期インピーダンス	Z_s=\frac{E_{oc}}{I_{sc}}	機械制御	同一界磁電流における無負荷相電圧と短絡相電流を用います。問題文に無負荷・短絡試験値、定格値、同期リアクタンスまたは出力制限が与えられ、「同期インピーダンス法による同期インピーダンス」が問われる問題で使います。試験値は同一励磁電流・同一基準へそろえ、電機子電流・界磁電流・有効電力の制限を円線図へ反映します。	MC-SYN-011	""	""
同期インピーダンスから同期リアクタンスを求める式	X_s=\sqrt{Z_s^2-R_a^2}	機械制御	1相当たりの電機子抵抗R_aを考慮します。R_aを無視する近似ではX_s≈Z_sです。問題文に無負荷・短絡試験値、定格値、同期リアクタンスまたは出力制限が与えられ、「同期インピーダンスから同期リアクタンスを求める式」が問われる問題で使います。試験値は同一励磁電流・同一基準へそろえ、電機子電流・界磁電流・有効電力の制限を円線図へ反映します。	MC-SYN-012	""	""
短絡比	SCR=\frac{I_{f,V_N}}{I_{f,I_N}}	機械制御	無負荷で定格電圧を生じる界磁電流を、三相短絡で定格電流を流す界磁電流で割ります。問題文に無負荷・短絡試験値、定格値、同期リアクタンスまたは出力制限が与えられ、「短絡比」が問われる問題で使います。試験値は同一励磁電流・同一基準へそろえ、電機子電流・界磁電流・有効電力の制限を円線図へ反映します。	MC-SYN-013	""	""
短絡比と同期リアクタンスの近似関係	SCR\simeq\frac{1}{X_{s,pu}}	機械制御	磁気飽和と電機子抵抗を無視した近似です。問題文に無負荷・短絡試験値、定格値、同期リアクタンスまたは出力制限が与えられ、「短絡比と同期リアクタンスの近似関係」が問われる問題で使います。試験値は同一励磁電流・同一基準へそろえ、電機子電流・界磁電流・有効電力の制限を円線図へ反映します。	MC-SYN-014	""	""
同期発電機の電圧変動率	\varepsilon=\frac{E_0-V_N}{V_N}\times100\%	機械制御	同一界磁・同一速度で定格負荷を外したときの無負荷電圧E0を用います。問題文に無負荷・短絡試験値、定格値、同期リアクタンスまたは出力制限が与えられ、「同期発電機の電圧変動率」が問われる問題で使います。試験値は同一励磁電流・同一基準へそろえ、電機子電流・界磁電流・有効電力の制限を円線図へ反映します。	MC-SYN-015	""	""
同期発電機の出力可能円	P^2+\left(Q+\frac{V^2}{X_s}\right)^2=\left(\frac{VE}{X_s}\right)^2	機械制御	抵抗を無視した丸形機の1相当たりです。界磁電流一定の軌跡になります。問題文に無負荷・短絡試験値、定格値、同期リアクタンスまたは出力制限が与えられ、「同期発電機の出力可能円」が問われる問題で使います。試験値は同一励磁電流・同一基準へそろえ、電機子電流・界磁電流・有効電力の制限を円線図へ反映します。	MC-SYN-016	""	""
無限大母線に並列運転する同期発電機の有効電力調整	原動機入力を増減すると主に有効電力と負荷角が変化する	機械制御	母線電圧と周波数は無限大母線で固定される基本判断です。問題文に無限大母線への並列運転、原動機入力、界磁電流または投入条件が与えられ、「無限大母線に並列運転する同期発電機の有効電力調整」が問われる問題で使います。無限大母線では周波数と端子電圧が一定と考え、有効電力は原動機入力、無効電力は界磁電流で調整します。	MC-SYN-017	""	""
無限大母線に並列運転する同期発電機の無効電力調整	界磁電流を増減すると主に無効電力と力率が変化する	機械制御	過励磁発電機は母線へ無効電力を供給し、減磁では吸収します。問題文に無限大母線への並列運転、原動機入力、界磁電流または投入条件が与えられ、「無限大母線に並列運転する同期発電機の無効電力調整」が問われる問題で使います。無限大母線では周波数と端子電圧が一定と考え、有効電力は原動機入力、無効電力は界磁電流で調整します。	MC-SYN-018	""	""
同期機を並列投入する条件	電圧の大きさ・周波数・相順・位相が一致していること	機械制御	不一致のまま投入すると大きな横流や衝撃トルクが生じます。問題文の無限大母線への並列運転、原動機入力、界磁電流または投入条件に注目し、「同期機を並列投入する条件」を判断・説明する問題で使います。無限大母線では周波数と端子電圧が一定と考え、有効電力は原動機入力、無効電力は界磁電流で調整します。	MC-SYN-019	""	""
同期電動機のV曲線の判断	一定負荷で界磁電流を変えると電機子電流は力率1付近で最小になる	機械制御	不足励磁側は遅れ、過励磁側は進み力率となり、同期調相機は過励磁で無効電力を供給します。問題文の無限大母線への並列運転、原動機入力、界磁電流または投入条件に注目し、「同期電動機のV曲線の判断」を判断・説明する問題で使います。無限大母線では周波数と端子電圧が一定と考え、有効電力は原動機入力、無効電力は界磁電流で調整します。	MC-SYN-020	""	""
誘導機の滑り	s=\frac{n_s-n}{n_s}	機械制御	電動機運転では0<s<1、同期速度でs=0、回生運転ではs<0です。問題文に電源周波数、極数、同期速度、回転速度または滑りが与えられ、「誘導機の滑り」が問われる問題で使います。電動機・回生・制動で滑りの範囲が変わるため、同期速度と回転方向を先に決めます。	MC-IM-001	""	""
滑りから回転速度を求める式	n=(1-s)n_s	機械制御	同期速度n_sと滑りsから機械速度を求めます。問題文に電源周波数、極数、同期速度、回転速度または滑りが与えられ、「滑りから回転速度を求める式」が問われる問題で使います。電動機・回生・制動で滑りの範囲が変わるため、同期速度と回転方向を先に決めます。	MC-IM-002	""	""
誘導機の二次周波数	f_2=sf_1	機械制御	回転子導体から見た回転磁界の相対速度に比例します。問題文に電源周波数、極数、同期速度、回転速度または滑りが与えられ、「誘導機の二次周波数」が問われる問題で使います。電動機・回生・制動で滑りの範囲が変わるため、同期速度と回転方向を先に決めます。	MC-IM-003	""	""
誘導機の1相入力インピーダンス	Z_{in}=R_1+jX_1+\left[jX_m\parallel\left(\frac{R_2'}{s}+jX_2'\right)\right]	機械制御	鉄損抵抗を省略した厳密等価回路です。必要なら励磁枝へR_cを並列に加えます。問題文に1相等価回路の固定子・回転子定数と励磁枝が与えられ、「誘導機の1相入力インピーダンス」が問われる問題で使います。回転子量を固定子側へ換算し、励磁枝を含む1相等価回路を作ってから入力側をテブナン化します。	MC-IM-004	""	""
誘導機等価回路のテブナン電圧	\dot{V}_{th}=\dot{V}_1\frac{jX_m}{R_1+j(X_1+X_m)}	機械制御	励磁枝の鉄損抵抗を無視した1相等価回路の式です。問題文に1相等価回路の固定子・回転子定数と励磁枝が与えられ、「誘導機等価回路のテブナン電圧」が問われる問題で使います。回転子量を固定子側へ換算し、励磁枝を含む1相等価回路を作ってから入力側をテブナン化します。	MC-IM-005	""	""
誘導機等価回路のテブナンインピーダンス	Z_{th}=jX_m\parallel(R_1+jX_1)	機械制御	二次枝から固定子側を見た等価インピーダンスです。問題文に1相等価回路の固定子・回転子定数と励磁枝が与えられ、「誘導機等価回路のテブナンインピーダンス」が問われる問題で使います。回転子量を固定子側へ換算し、励磁枝を含む1相等価回路を作ってから入力側をテブナン化します。	MC-IM-006	""	""
誘導機の空隙電力	P_g=3I_2'^2\frac{R_2'}{s}	機械制御	二次側を一次換算した電流と抵抗を用います。問題文に二次電流、回転子抵抗、滑り、空隙電力またはテブナン等価値が与えられ、「誘導機の空隙電力」が問われる問題で使います。空隙電力を起点に、二次銅損sP_gと機械的変換電力(1-s)P_gへ分けて計算します。	MC-IM-007	""	""
誘導機の二次銅損	P_{2c}=sP_g=3I_2'^2R_2'	機械制御	空隙電力の滑りs倍が二次銅損になります。問題文に二次電流、回転子抵抗、滑り、空隙電力またはテブナン等価値が与えられ、「誘導機の二次銅損」が問われる問題で使います。空隙電力を起点に、二次銅損sP_gと機械的変換電力(1-s)P_gへ分けて計算します。	MC-IM-008	""	""
誘導機の機械的変換電力	P_m=(1-s)P_g	機械制御	機械損を差し引く前の内部機械出力です。問題文に二次電流、回転子抵抗、滑り、空隙電力またはテブナン等価値が与えられ、「誘導機の機械的変換電力」が問われる問題で使います。空隙電力を起点に、二次銅損sP_gと機械的変換電力(1-s)P_gへ分けて計算します。	MC-IM-009	""	""
誘導機の等価機械負荷抵抗	R_m'=R_2'\frac{1-s}{s}	機械制御	R2'/sを二次銅損分R2'と機械出力分に分解した抵抗です。問題文に二次電流、回転子抵抗、滑り、空隙電力またはテブナン等価値が与えられ、「誘導機の等価機械負荷抵抗」が問われる問題で使います。空隙電力を起点に、二次銅損sP_gと機械的変換電力(1-s)P_gへ分けて計算します。	MC-IM-010	""	""
誘導機の電磁トルク	T_e=\frac{P_g}{\omega_s}	機械制御	空隙電力を同期角速度で割ります。機械出力を回転角速度で割っても損失無視なら同じです。問題文に二次電流、回転子抵抗、滑り、空隙電力またはテブナン等価値が与えられ、「誘導機の電磁トルク」が問われる問題で使います。空隙電力を起点に、二次銅損sP_gと機械的変換電力(1-s)P_gへ分けて計算します。	MC-IM-011	""	""
テブナン等価回路による誘導機トルク	T_e=\frac{3|V_{th}|^2(R_2'/s)}{\omega_s[(R_{th}+R_2'/s)^2+(X_{th}+X_2')^2]}	機械制御	固定子損失と励磁枝をテブナン化した標準トルク式です。問題文に二次電流、回転子抵抗、滑り、空隙電力またはテブナン等価値が与えられ、「テブナン等価回路による誘導機トルク」が問われる問題で使います。空隙電力を起点に、二次銅損sP_gと機械的変換電力(1-s)P_gへ分けて計算します。	MC-IM-012	""	""
誘導機が最大トルクとなる滑り	s_m=\frac{R_2'}{\sqrt{R_{th}^2+(X_{th}+X_2')^2}}	機械制御	テブナン等価回路による厳密条件です。問題文にテブナン等価回路、回転子抵抗・リアクタンス、電圧または最大トルク条件が与えられ、「誘導機が最大トルクとなる滑り」が問われる問題で使います。最大トルク条件はテブナン等価回路へ整理してから適用し、電圧低下ではトルクが概ね電圧の二乗で変化します。	MC-IM-013	""	""
固定子抵抗を無視した誘導機の最大トルク滑り	s_m\simeq\frac{R_2'}{X_1+X_2'}	機械制御	簡易等価回路でR1を無視した近似です。問題文にテブナン等価回路、回転子抵抗・リアクタンス、電圧または最大トルク条件が与えられ、「固定子抵抗を無視した誘導機の最大トルク滑り」が問われる問題で使います。最大トルク条件はテブナン等価回路へ整理してから適用し、電圧低下ではトルクが概ね電圧の二乗で変化します。	MC-IM-014	""	""
誘導機のトルク比近似	\frac{T}{T_{max}}\simeq\frac{2(s/s_m)}{1+(s/s_m)^2}	機械制御	固定子抵抗を無視したクローゼンの式です。問題文にテブナン等価回路、回転子抵抗・リアクタンス、電圧または最大トルク条件が与えられ、「誘導機のトルク比近似」が問われる問題で使います。最大トルク条件はテブナン等価回路へ整理してから適用し、電圧低下ではトルクが概ね電圧の二乗で変化します。	MC-IM-015	""	""
巻線形誘導機で二次抵抗を増加したときの最大トルク	最大トルクの大きさはほぼ変わらず、最大トルク滑りが抵抗に比例して増加する	機械制御	電源電圧と漏れリアクタンスが一定で固定子抵抗を無視する近似です。問題文にテブナン等価回路、回転子抵抗・リアクタンス、電圧または最大トルク条件が与えられ、「巻線形誘導機で二次抵抗を増加したときの最大トルク」が問われる問題で使います。最大トルク条件はテブナン等価回路へ整理してから適用し、電圧低下ではトルクが概ね電圧の二乗で変化します。	MC-IM-016	""	""
誘導機トルクの電圧依存性	T\propto V^2	機械制御	周波数・滑り・回路定数が一定なら、始動トルクも最大トルクも電圧の二乗に比例します。問題文にテブナン等価回路、回転子抵抗・リアクタンス、電圧または最大トルク条件が与えられ、「誘導機トルクの電圧依存性」が問われる問題で使います。最大トルク条件はテブナン等価回路へ整理してから適用し、電圧低下ではトルクが概ね電圧の二乗で変化します。	MC-IM-017	""	""
誘導電動機のV/f一定制御	\Phi\propto\frac{V}{f}\simeq\mathrm{constant}	機械制御	固定子電圧降下を無視できる範囲で磁束を一定に保ち、定トルク運転します。問題文に周波数・電圧指令、始動結線または始動器の変圧比が与えられ、「誘導電動機のV/f一定制御」が問われる問題で使います。始動時の固定子相電圧と電源線電流を区別し、始動トルクは電圧の二乗比で確認します。	MC-IM-018	""	""
周波数制御時の誘導機速度	n=\frac{120f}{p}(1-s)	機械制御	極数pと滑りsを考慮した速度式です。問題文に周波数・電圧指令、始動結線または始動器の変圧比が与えられ、「周波数制御時の誘導機速度」が問われる問題で使います。始動時の固定子相電圧と電源線電流を区別し、始動トルクは電圧の二乗比で確認します。	MC-IM-019	""	""
Y-Δ始動時の線電流	I_{start,Y}=\frac{1}{3}I_{start,\Delta}	機械制御	同じ線間電圧で、各相巻線が通常Δ運転する電動機をY始動する場合です。問題文に周波数・電圧指令、始動結線または始動器の変圧比が与えられ、「Y-Δ始動時の線電流」が問われる問題で使います。始動時の固定子相電圧と電源線電流を区別し、始動トルクは電圧の二乗比で確認します。	MC-IM-020	""	""
Y-Δ始動時の始動トルク	T_{start,Y}=\frac{1}{3}T_{start,\Delta}	機械制御	相電圧が1/√3になり、トルクが電圧の二乗に比例するためです。問題文に周波数・電圧指令、始動結線または始動器の変圧比が与えられ、「Y-Δ始動時の始動トルク」が問われる問題で使います。始動時の固定子相電圧と電源線電流を区別し、始動トルクは電圧の二乗比で確認します。	MC-IM-021	""	""
単巻変圧器始動器の電源線電流	I_{line}=k^2I_{DOL}	機械制御	電動機端電圧を直入れのk倍にした理想変圧器始動です。電動機電流はk倍です。問題文に周波数・電圧指令、始動結線または始動器の変圧比が与えられ、「単巻変圧器始動器の電源線電流」が問われる問題で使います。始動時の固定子相電圧と電源線電流を区別し、始動トルクは電圧の二乗比で確認します。	MC-IM-022	""	""
単巻変圧器始動器の始動トルク	T_{start}=k^2T_{DOL}	機械制御	電動機端電圧がk倍なので始動トルクはk²倍です。問題文に周波数・電圧指令、始動結線または始動器の変圧比が与えられ、「単巻変圧器始動器の始動トルク」が問われる問題で使います。始動時の固定子相電圧と電源線電流を区別し、始動トルクは電圧の二乗比で確認します。	MC-IM-023	""	""
誘導機のプラッギング時滑り	s_b=2-s	機械制御	運転中に相順を逆転すると回転磁界が反転し、制動時の滑りが2-sになります。問題文に回転方向、同期速度、滑り、電力の向きまたは各損失が与えられ、「誘導機のプラッギング時滑り」が問われる問題で使います。制動・回生では回転磁界と回転子の相対方向を図示し、電力が機械側から電源側へ戻るか確認します。	MC-IM-024	""	""
誘導機の回生運転条件	n>n_s\quad\Longleftrightarrow\quad s<0	機械制御	回転子が回転磁界より速いと電磁トルクが制動方向となり、電力を系統へ返します。問題文の回転方向、同期速度、滑り、電力の向きまたは各損失に注目し、「誘導機の回生運転条件」を判断・説明する問題で使います。制動・回生では回転磁界と回転子の相対方向を図示し、電力が機械側から電源側へ戻るか確認します。	MC-IM-025	""	""
誘導電動機の効率	\eta=\frac{P_{out}}{P_{in}}=\frac{P_m-P_{mech.loss}}{P_{in}}	機械制御	固定子銅損、鉄損、二次銅損、機械損を順に差し引きます。問題文に回転方向、同期速度、滑り、電力の向きまたは各損失が与えられ、「誘導電動機の効率」が問われる問題で使います。制動・回生では回転磁界と回転子の相対方向を図示し、電力が機械側から電源側へ戻るか確認します。	MC-IM-026	""	""
理想変圧器の電圧比・巻数比	a=\frac{N_1}{N_2}=\frac{V_1}{V_2}	機械制御	同じ磁束が両巻線を鎖交する理想変圧器の関係です。問題文に一次・二次巻数、電圧、電流または換算対象インピーダンスが与えられ、「理想変圧器の電圧比・巻数比」が問われる問題で使います。同じ側へ換算してから計算し、インピーダンスは巻数比の二乗、電流は巻数比の逆数で換算します。	MC-TR-001	""	""
理想変圧器の電流比	\frac{I_1}{I_2}=\frac{N_2}{N_1}=\frac{1}{a}	機械制御	損失を無視すると一次・二次皮相電力が等しくなります。問題文に一次・二次巻数、電圧、電流または換算対象インピーダンスが与えられ、「理想変圧器の電流比」が問われる問題で使います。同じ側へ換算してから計算し、インピーダンスは巻数比の二乗、電流は巻数比の逆数で換算します。	MC-TR-002	""	""
変圧器巻線の誘導起電力	E=4.44fN\Phi_m	機械制御	正弦波磁束を仮定した巻線実効値です。問題文に一次・二次巻数、電圧、電流または換算対象インピーダンスが与えられ、「変圧器巻線の誘導起電力」が問われる問題で使います。同じ側へ換算してから計算し、インピーダンスは巻数比の二乗、電流は巻数比の逆数で換算します。	MC-TR-003	""	""
二次インピーダンスの一次側換算	Z_2'=a^2Z_2	機械制御	電圧比a=N1/N2の二乗を掛けます。電流はI2'=I2/aです。問題文に一次・二次巻数、電圧、電流または換算対象インピーダンスが与えられ、「二次インピーダンスの一次側換算」が問われる問題で使います。同じ側へ換算してから計算し、インピーダンスは巻数比の二乗、電流は巻数比の逆数で換算します。	MC-TR-004	""	""
無負荷試験から鉄損を求める式	P_i\simeq P_0	機械制御	定格電圧の無負荷試験では銅損が小さいため、入力電力P0を鉄損とみなします。問題文に定格周波数での無負荷試験電圧・電流・電力が与えられ、「無負荷試験から鉄損を求める式」が問われる問題で使います。無負荷試験は通常、定格電圧を加えて鉄損と励磁枝を求める試験として扱います。	MC-TR-005	""	""
無負荷試験から励磁コンダクタンスを求める式	G_0=\frac{P_0}{V_0^2}	機械制御	1相値へ換算した電圧と電力を用います。三相試験値は結線に応じて相値へ直します。問題文に定格周波数での無負荷試験電圧・電流・電力が与えられ、「無負荷試験から励磁コンダクタンスを求める式」が問われる問題で使います。無負荷試験は通常、定格電圧を加えて鉄損と励磁枝を求める試験として扱います。	MC-TR-006	""	""
無負荷試験から励磁サセプタンスを求める式	B_0=\sqrt{\left(\frac{I_0}{V_0}\right)^2-G_0^2}	機械制御	励磁アドミタンスY0=G0-jB0の大きさから求めます。問題文に定格周波数での無負荷試験電圧・電流・電力が与えられ、「無負荷試験から励磁サセプタンスを求める式」が問われる問題で使います。無負荷試験は通常、定格電圧を加えて鉄損と励磁枝を求める試験として扱います。	MC-TR-007	""	""
短絡試験から等価インピーダンスを求める式	Z_{eq}=\frac{V_{sc}}{I_{sc}}	機械制御	1相換算値を用います。短絡試験電圧は低いため鉄損を無視します。問題文に短絡試験の印加電圧、電流、入力電力が与えられ、「短絡試験から等価インピーダンスを求める式」が問われる問題で使います。短絡試験は定格電流まで低電圧を加え、銅損と直列等価インピーダンスを求める試験として扱います。	MC-TR-008	""	""
短絡試験から等価抵抗を求める式	R_{eq}=\frac{P_{sc}}{I_{sc}^2}	機械制御	1相当たりの電力と電流で表します。三相入力Pscなら3I²で割ります。問題文に短絡試験の印加電圧、電流、入力電力が与えられ、「短絡試験から等価抵抗を求める式」が問われる問題で使います。短絡試験は定格電流まで低電圧を加え、銅損と直列等価インピーダンスを求める試験として扱います。	MC-TR-009	""	""
短絡試験から等価リアクタンスを求める式	X_{eq}=\sqrt{Z_{eq}^2-R_{eq}^2}	機械制御	一次側または二次側の同じ基準へ換算した値を用います。問題文に短絡試験の印加電圧、電流、入力電力が与えられ、「短絡試験から等価リアクタンスを求める式」が問われる問題で使います。短絡試験は定格電流まで低電圧を加え、銅損と直列等価インピーダンスを求める試験として扱います。	MC-TR-010	""	""
百分率抵抗降下	\%r=\frac{I_NR_{eq}}{V_N}\times100	機械制御	定格電流時の抵抗電圧降下を定格電圧に対する百分率で表します。問題文に定格値、等価抵抗・リアクタンス、力率または百分率降下が与えられ、「百分率抵抗降下」が問われる問題で使います。百分率値は同一容量・電圧基準へそろえ、遅れ・進み力率でリアクタンス降下項の符号を変えます。	MC-TR-011	""	""
百分率リアクタンス降下	\%x=\frac{I_NX_{eq}}{V_N}\times100	機械制御	定格電流時のリアクタンス電圧降下を定格電圧に対する百分率で表します。問題文に定格値、等価抵抗・リアクタンス、力率または百分率降下が与えられ、「百分率リアクタンス降下」が問われる問題で使います。百分率値は同一容量・電圧基準へそろえ、遅れ・進み力率でリアクタンス降下項の符号を変えます。	MC-TR-012	""	""
百分率インピーダンス	\%z=\sqrt{(\%r)^2+(\%x)^2}	機械制御	抵抗分とリアクタンス分をベクトル合成します。問題文に定格値、等価抵抗・リアクタンス、力率または百分率降下が与えられ、「百分率インピーダンス」が問われる問題で使います。百分率値は同一容量・電圧基準へそろえ、遅れ・進み力率でリアクタンス降下項の符号を変えます。	MC-TR-013	""	""
変圧器の近似電圧変動率	\varepsilon\simeq\%r\cos\phi\pm\%x\sin\phi	機械制御	遅れ力率はプラス、進み力率はマイナスを用いる近似です。問題文に定格値、等価抵抗・リアクタンス、力率または百分率降下が与えられ、「変圧器の近似電圧変動率」が問われる問題で使います。百分率値は同一容量・電圧基準へそろえ、遅れ・進み力率でリアクタンス降下項の符号を変えます。	MC-TR-014	""	""
負荷時損失を考慮した変圧器の効率	\eta=\frac{P_{out}}{P_{out}+P_i+P_c}	機械制御	鉄損Piとその負荷時の銅損Pcを加えます。問題文に負荷率、力率、鉄損、定格銅損と時間別負荷が与えられ、「負荷時損失を考慮した変圧器の効率」が問われる問題で使います。鉄損をほぼ一定、銅損を負荷率の二乗に比例するとして、出力と損失を同じ時間基準で比較します。	MC-TR-015	""	""
負荷率mにおける変圧器銅損	P_c=m^2P_{cN}	機械制御	銅損は負荷電流の二乗に比例します。PcNは定格負荷銅損です。問題文に負荷率、力率、鉄損、定格銅損と時間別負荷が与えられ、「負荷率mにおける変圧器銅損」が問われる問題で使います。鉄損をほぼ一定、銅損を負荷率の二乗に比例するとして、出力と損失を同じ時間基準で比較します。	MC-TR-016	""	""
変圧器が最大効率となる条件	P_i=P_c=m^2P_{cN}	機械制御	力率一定で出力を変化させると、鉄損とその負荷時銅損が等しい点で効率最大です。問題文の負荷率、力率、鉄損、定格銅損と時間別負荷に注目し、「変圧器が最大効率となる条件」を判断・説明する問題で使います。鉄損をほぼ一定、銅損を負荷率の二乗に比例するとして、出力と損失を同じ時間基準で比較します。	MC-TR-017	""	""
負荷曲線から求める変圧器の全日効率	\eta_{all-day}=\frac{E_{out}}{E_{out}+P_iT+E_c}	機械制御	鉄損は通電時間Tだけ連続し、銅損電力量Ecは負荷曲線から積算します。問題文に負荷率、力率、鉄損、定格銅損と時間別負荷が与えられ、「負荷曲線から求める変圧器の全日効率」が問われる問題で使います。鉄損をほぼ一定、銅損を負荷率の二乗に比例するとして、出力と損失を同じ時間基準で比較します。	MC-TR-018	""	""
同一変圧比の変圧器を並列運転したときの負荷分担	S_1:S_2=\frac{S_{N1}}{\%Z_1}:\frac{S_{N2}}{\%Z_2}	機械制御	各変圧器のインピーダンス角が等しい近似で、容量に比例し%Zに反比例して分担します。問題文に各変圧器の容量・%Z・変圧比・位相変位が与えられ、「同一変圧比の変圧器を並列運転したときの負荷分担」が問われる問題で使います。並行運転では変圧比・極性・位相変位を一致させ、%Zを共通基準へ換算して負荷分担を求めます。	MC-TR-019	""	""
並列変圧器の複素電流分担	\dot{I}_1=\dot{I}\frac{Z_2}{Z_1+Z_2},\quad \dot{I}_2=\dot{I}\frac{Z_1}{Z_1+Z_2}	機械制御	二次無負荷電圧が等しい場合に、各等価インピーダンスへ反比例して分流します。問題文に各変圧器の容量・%Z・変圧比・位相変位が与えられ、「並列変圧器の複素電流分担」が問われる問題で使います。並行運転では変圧比・極性・位相変位を一致させ、%Zを共通基準へ換算して負荷分担を求めます。	MC-TR-020	""	""
変圧比が異なる並列変圧器の循環電流	\dot{I}_c=\frac{\dot{E}_1-\dot{E}_2}{Z_1+Z_2}	機械制御	負荷電流がなくても二次誘導起電力差によって循環電流が流れます。問題文に各変圧器の容量・%Z・変圧比・位相変位が与えられ、「変圧比が異なる並列変圧器の循環電流」が問われる問題で使います。並行運転では変圧比・極性・位相変位を一致させ、%Zを共通基準へ換算して負荷分担を求めます。	MC-TR-021	""	""
変圧器の並列運転条件	極性・変圧比・相順・位相変位が一致し、百分率インピーダンスとその角度が近いこと	機械制御	条件不一致は循環電流や負荷分担の偏りを生じます。問題文の各変圧器の容量・%Z・変圧比・位相変位に注目し、「変圧器の並列運転条件」を判断・説明する問題で使います。並行運転では変圧比・極性・位相変位を一致させ、%Zを共通基準へ換算して負荷分担を求めます。	MC-TR-022	""	""
単巻変圧器と二巻線変圧器の銅量比	\frac{W_{auto}}{W_{two}}=1-k,\quad k=\frac{V_L}{V_H}	機械制御	同一出力・同一電流密度で比較した理想化した関係です。電圧比が1に近いほど銅量を節約できます。問題文に単巻・V・Y-Δ・Δ-Y・スコット結線の巻数と線間量が与えられ、「単巻変圧器と二巻線変圧器の銅量比」が問われる問題で使います。結線図から相電圧・線間電圧と巻数の対応を作り、位相変位と利用率を確認します。	MC-TR-023	""	""
同じ自己容量を用いた単巻変圧器の出力容量	S_{auto}=\frac{S_{two}}{1-k}	機械制御	k=V_L/V_Hです。単巻接続で導電的に伝達される電力分だけ出力容量が増えます。問題文に単巻・V・Y-Δ・Δ-Y・スコット結線の巻数と線間量が与えられ、「同じ自己容量を用いた単巻変圧器の出力容量」が問われる問題で使います。結線図から相電圧・線間電圧と巻数の対応を作り、位相変位と利用率を確認します。	MC-TR-024	""	""
V結線の利用率	\frac{S_{V}}{2S_N}=\frac{\sqrt{3}}{2}=0.866	機械制御	単相変圧器2台の容量合計に対する三相出力の利用率です。問題文に単巻・V・Y-Δ・Δ-Y・スコット結線の巻数と線間量が与えられ、「V結線の利用率」が問われる問題で使います。結線図から相電圧・線間電圧と巻数の対応を作り、位相変位と利用率を確認します。	MC-TR-025	""	""
V結線の出力容量	S_V=\sqrt{3}S_N	機械制御	同容量の単相変圧器2台をV結線した場合の三相容量です。問題文に単巻・V・Y-Δ・Δ-Y・スコット結線の巻数と線間量が与えられ、「V結線の出力容量」が問われる問題で使います。結線図から相電圧・線間電圧と巻数の対応を作り、位相変位と利用率を確認します。	MC-TR-026	""	""
Y-Δ結線の線間電圧比	\frac{V_{L1}}{V_{L2}}=\sqrt{3}\frac{N_1}{N_2}	機械制御	一次Y・二次Δで、N1/N2は1相巻線の巻数比です。結線方向による30度位相変位も確認します。問題文に単巻・V・Y-Δ・Δ-Y・スコット結線の巻数と線間量が与えられ、「Y-Δ結線の線間電圧比」が問われる問題で使います。結線図から相電圧・線間電圧と巻数の対応を作り、位相変位と利用率を確認します。	MC-TR-027	""	""
Δ-Y結線の線間電圧比	\frac{V_{L1}}{V_{L2}}=\frac{1}{\sqrt{3}}\frac{N_1}{N_2}	機械制御	一次Δ・二次Yで、N1/N2は1相巻線の巻数比です。問題文に単巻・V・Y-Δ・Δ-Y・スコット結線の巻数と線間量が与えられ、「Δ-Y結線の線間電圧比」が問われる問題で使います。結線図から相電圧・線間電圧と巻数の対応を作り、位相変位と利用率を確認します。	MC-TR-028	""	""
スコット結線のテーザ変圧器一次巻数	N_T=\frac{\sqrt{3}}{2}N_M	機械制御	主座変圧器一次全巻数をN_Mとし、テーザ巻線を主座中点へ接続する標準スコット結線です。問題文に単巻・V・Y-Δ・Δ-Y・スコット結線の巻数と線間量が与えられ、「スコット結線のテーザ変圧器一次巻数」が問われる問題で使います。結線図から相電圧・線間電圧と巻数の対応を作り、位相変位と利用率を確認します。	MC-TR-029	""	""
直流機の誘導起電力	E=k\Phi\omega=k'\Phi N	機械制御	1極当たり磁束Φと回転速度に比例します。機械定数kに極数・導体数・並列回路数を含めます。問題文に磁束、回転速度、電機子電流と機械定数が与えられ、「直流機の誘導起電力」が問われる問題で使います。発電機と電動機で端子電圧式の電圧降下方向が逆になるため、電機子電流の向きを先に決めます。	MC-DC-001	""	""
直流機の電磁トルク	T=k\Phi I_a	機械制御	磁束一定ならトルクは電機子電流に比例します。問題文に磁束、回転速度、電機子電流と機械定数が与えられ、「直流機の電磁トルク」が問われる問題で使います。発電機と電動機で端子電圧式の電圧降下方向が逆になるため、電機子電流の向きを先に決めます。	MC-DC-002	""	""
直流電動機の電圧方程式	V=E+I_aR_a	機械制御	ブラシ降下を無視した電動機規約です。始動時はE=0なので電流制限が必要です。問題文に端子電圧、逆起電力、電機子抵抗、磁束と負荷電流が与えられ、「直流電動機の電圧方程式」が問われる問題で使います。発電機と電動機で端子電圧式の電圧降下方向が逆になるため、電機子電流の向きを先に決めます。	MC-DC-003	""	""
直流発電機の端子電圧	V=E-I_aR_a	機械制御	ブラシ降下を無視し、発電機から外部へ電流が流れる規約です。問題文に端子電圧、逆起電力、電機子抵抗、磁束と負荷電流が与えられ、「直流発電機の端子電圧」が問われる問題で使います。発電機と電動機で端子電圧式の電圧降下方向が逆になるため、電機子電流の向きを先に決めます。	MC-DC-004	""	""
直流電動機の速度	N\propto\frac{V-I_aR_a}{\Phi}	機械制御	電機子電圧制御は定トルク域、弱め界磁は概ね定出力域の速度制御に使います。問題文に端子電圧、逆起電力、電機子抵抗、磁束と負荷電流が与えられ、「直流電動機の速度」が問われる問題で使います。発電機と電動機で端子電圧式の電圧降下方向が逆になるため、電機子電流の向きを先に決めます。	MC-DC-005	""	""
直流分巻電動機のトルク特性	T\propto I_a	機械制御	分巻界磁の磁束がほぼ一定な範囲です。問題文に端子電圧、逆起電力、電機子抵抗、磁束と負荷電流が与えられ、「直流分巻電動機のトルク特性」が問われる問題で使います。発電機と電動機で端子電圧式の電圧降下方向が逆になるため、電機子電流の向きを先に決めます。	MC-DC-006	""	""
未飽和の直流直巻電動機のトルク特性	T\propto I_a^2	機械制御	直巻界磁でΦ∝I_aとみなせる未飽和範囲です。飽和後は概ねI_aに比例します。問題文に端子電圧、逆起電力、電機子抵抗、磁束と負荷電流が与えられ、「未飽和の直流直巻電動機のトルク特性」が問われる問題で使います。発電機と電動機で端子電圧式の電圧降下方向が逆になるため、電機子電流の向きを先に決めます。	MC-DC-007	""	""
直流電動機の始動抵抗	R_{start}=\frac{V}{I_{start}}-R_a	機械制御	始動時E=0として、許容始動電流に制限する外部直列抵抗です。問題文に始動・回生・発電・逆転制動時の回路接続と逆起電力が与えられ、「直流電動機の始動抵抗」が問われる問題で使います。始動時は逆起電力が零です。制動方式ごとに電源と抵抗の接続を描き、逆起電力の加減算を確認します。	MC-DC-008	""	""
直流機の電磁変換電力	P_{em}=EI_a=T\omega	機械制御	電気側の内部電力と機械側の電磁出力を結ぶ関係です。問題文に始動・回生・発電・逆転制動時の回路接続と逆起電力が与えられ、「直流機の電磁変換電力」が問われる問題で使います。始動時は逆起電力が零です。制動方式ごとに電源と抵抗の接続を描き、逆起電力の加減算を確認します。	MC-DC-009	""	""
直流電動機の回生制動条件	E>V	機械制御	誘導起電力が電源電圧を上回ると電機子電流が反転し、電力を電源へ返します。問題文の始動・回生・発電・逆転制動時の回路接続と逆起電力に注目し、「直流電動機の回生制動条件」を判断・説明する問題で使います。始動時は逆起電力が零です。制動方式ごとに電源と抵抗の接続を描き、逆起電力の加減算を確認します。	MC-DC-010	""	""
直流電動機の発電制動電流	I_b=\frac{E}{R_a+R_b}	機械制御	電源から切り離して制動抵抗R_bへ接続する発電制動です。問題文に始動・回生・発電・逆転制動時の回路接続と逆起電力が与えられ、「直流電動機の発電制動電流」が問われる問題で使います。始動時は逆起電力が零です。制動方式ごとに電源と抵抗の接続を描き、逆起電力の加減算を確認します。	MC-DC-011	""	""
直流電動機の逆転制動電流	I_b=\frac{V+E}{R_a+R_b}	機械制御	電機子接続を反転するプラッギングでは電源電圧と逆起電力が加算されるため抵抗が必要です。問題文に始動・回生・発電・逆転制動時の回路接続と逆起電力が与えられ、「直流電動機の逆転制動電流」が問われる問題で使います。始動時は逆起電力が零です。制動方式ごとに電源と抵抗の接続を描き、逆起電力の加減算を確認します。	MC-DC-012	""	""
直流機の効率	\eta=\frac{P_{out}}{P_{in}}	機械制御	銅損・鉄損・機械損・ブラシ損などを入出力差として整理します。問題文に直流機の入力、出力、銅損・鉄損・機械損が与えられ、「直流機の効率」が問われる問題で使います。入力・出力の機械側と電気側を区別し、一定損と電流に依存する銅損を分けます。	MC-DC-013	""	""
周期波形の平均値	X_{avg}=\frac{1}{T}\int_0^T x(t)\,dt	機械制御	整流器やチョッパの直流分は1周期積分から求めます。問題文に1周期の波形、導通区間と振幅が与えられ、「周期波形の平均値」が問われる問題で使います。導通区間ごとに波形を作ってから積分し、平均値と実効値の定義を混同しないようにします。	MC-PE-001	""	""
周期波形の実効値	X_{rms}=\sqrt{\frac{1}{T}\int_0^T x^2(t)\,dt}	機械制御	抵抗で同じ平均電力を生じる直流値として定義されます。問題文に1周期の波形、導通区間と振幅が与えられ、「周期波形の実効値」が問われる問題で使います。導通区間ごとに波形を作ってから積分し、平均値と実効値の定義を混同しないようにします。	MC-PE-002	""	""
単相半波ダイオード整流の平均直流電圧	V_d=\frac{V_m}{\pi}	機械制御	理想ダイオード・抵抗負荷で、V_mは交流相電圧の最大値です。問題文に整流方式、相数、相電圧・線間電圧、制御角または転流リアクタンスが与えられ、「単相半波ダイオード整流の平均直流電圧」が問われる問題で使います。与えられたVが相電圧か線間電圧かを確認し、理想素子・連続電流・制御角の成立条件をそろえます。	MC-PE-003	""	""
単相全波ダイオード整流の平均直流電圧	V_d=\frac{2V_m}{\pi}=\frac{2\sqrt{2}}{\pi}V	機械制御	Vは交流入力の実効値です。理想素子・抵抗負荷の式です。問題文に整流方式、相数、相電圧・線間電圧、制御角または転流リアクタンスが与えられ、「単相全波ダイオード整流の平均直流電圧」が問われる問題で使います。与えられたVが相電圧か線間電圧かを確認し、理想素子・連続電流・制御角の成立条件をそろえます。	MC-PE-004	""	""
三相半波ダイオード整流の平均直流電圧	V_d=\frac{3\sqrt{3}}{2\pi}V_{ph,m}	機械制御	V_ph,mは相電圧最大値です。連続した各相の最大電圧を120度ずつ利用します。問題文に整流方式、相数、相電圧・線間電圧、制御角または転流リアクタンスが与えられ、「三相半波ダイオード整流の平均直流電圧」が問われる問題で使います。与えられたVが相電圧か線間電圧かを確認し、理想素子・連続電流・制御角の成立条件をそろえます。	MC-PE-005	""	""
三相全波ダイオード整流の平均直流電圧	V_d=\frac{3\sqrt{2}}{\pi}V_{LL}=1.35V_{LL}	機械制御	V_LLは線間電圧実効値です。理想6パルスブリッジの式です。問題文に整流方式、相数、相電圧・線間電圧、制御角または転流リアクタンスが与えられ、「三相全波ダイオード整流の平均直流電圧」が問われる問題で使います。与えられたVが相電圧か線間電圧かを確認し、理想素子・連続電流・制御角の成立条件をそろえます。	MC-PE-006	""	""
単相全波サイリスタ整流器の平均直流電圧	V_d=\frac{2V_m}{\pi}\cos\alpha	機械制御	直流電流が連続し、転流重なりを無視した全制御ブリッジです。問題文に整流方式、相数、相電圧・線間電圧、制御角または転流リアクタンスが与えられ、「単相全波サイリスタ整流器の平均直流電圧」が問われる問題で使います。与えられたVが相電圧か線間電圧かを確認し、理想素子・連続電流・制御角の成立条件をそろえます。	MC-PE-007	""	""
単相半制御ブリッジの平均直流電圧	V_d=\frac{V_m}{\pi}(1+\cos\alpha)	機械制御	直流電流が連続し、フリーホイール区間を含む理想回路です。問題文に整流方式、相数、相電圧・線間電圧、制御角または転流リアクタンスが与えられ、「単相半制御ブリッジの平均直流電圧」が問われる問題で使います。与えられたVが相電圧か線間電圧かを確認し、理想素子・連続電流・制御角の成立条件をそろえます。	MC-PE-008	""	""
三相全波サイリスタ整流器の平均直流電圧	V_d=\frac{3\sqrt{2}}{\pi}V_{LL}\cos\alpha	機械制御	直流電流連続・転流重なりなしの6パルス全制御ブリッジです。問題文に整流方式、相数、相電圧・線間電圧、制御角または転流リアクタンスが与えられ、「三相全波サイリスタ整流器の平均直流電圧」が問われる問題で使います。与えられたVが相電圧か線間電圧かを確認し、理想素子・連続電流・制御角の成立条件をそろえます。	MC-PE-009	""	""
三相全波整流器で転流重なりによる平均電圧降下	\Delta V_d=\frac{3\omega L_s I_d}{\pi}	機械制御	交流側1相の転流インダクタンスL_s、連続直流電流I_dを用いる理想化式です。問題文に整流方式、相数、相電圧・線間電圧、制御角または転流リアクタンスが与えられ、「三相全波整流器で転流重なりによる平均電圧降下」が問われる問題で使います。与えられたVが相電圧か線間電圧かを確認し、理想素子・連続電流・制御角の成立条件をそろえます。	MC-PE-010	""	""
全制御整流器の逆変換運転条件	\alpha>\frac{\pi}{2}\quad\Rightarrow\quad V_d<0	機械制御	直流電流を正に保つ直流電源があり、転流余裕角を確保すると交流側へ回生できます。問題文の整流方式、相数、相電圧・線間電圧、制御角または転流リアクタンスに注目し、「全制御整流器の逆変換運転条件」を判断・説明する問題で使います。与えられたVが相電圧か線間電圧かを確認し、理想素子・連続電流・制御角の成立条件をそろえます。	MC-PE-011	""	""
降圧チョッパの平均出力電圧	V_o=DV_s	機械制御	連続電流・理想素子で、D=T_on/T_sです。問題文に入力電圧、デューティ比、L、負荷およびスイッチング周期が与えられ、「降圧チョッパの平均出力電圧」が問われる問題で使います。理想素子、周期定常状態、連続電流モードを基本とし、Lの平均電圧が零になる順序で変換比を求めます。	MC-PE-012	""	""
降圧チョッパのインダクタ電流リプル	\Delta I_L=\frac{(V_s-V_o)DT_s}{L}=\frac{V_o(1-D)T_s}{L}	機械制御	定常連続電流ではオン期間の増加分とオフ期間の減少分が等しくなります。問題文に入力電圧、デューティ比、L、負荷およびスイッチング周期が与えられ、「降圧チョッパのインダクタ電流リプル」が問われる問題で使います。理想素子、周期定常状態、連続電流モードを基本とし、Lの平均電圧が零になる順序で変換比を求めます。	MC-PE-013	""	""
降圧チョッパの臨界インダクタンス	L_c=\frac{(1-D)R}{2f_s}	機械制御	抵抗負荷で出力電流の谷が零になる連続・不連続境界です。問題文に入力電圧、デューティ比、L、負荷およびスイッチング周期が与えられ、「降圧チョッパの臨界インダクタンス」が問われる問題で使います。理想素子、周期定常状態、連続電流モードを基本とし、Lの平均電圧が零になる順序で変換比を求めます。	MC-PE-014	""	""
昇圧チョッパの平均出力電圧	V_o=\frac{V_s}{1-D}	機械制御	連続電流・理想素子で、インダクタの1周期平均電圧を零とします。問題文に入力電圧、デューティ比、L、負荷およびスイッチング周期が与えられ、「昇圧チョッパの平均出力電圧」が問われる問題で使います。理想素子、周期定常状態、連続電流モードを基本とし、Lの平均電圧が零になる順序で変換比を求めます。	MC-PE-015	""	""
昇圧チョッパのインダクタ電流リプル	\Delta I_L=\frac{V_sDT_s}{L}	機械制御	オン期間にインダクタへV_sが加わる連続電流近似です。問題文に入力電圧、デューティ比、L、負荷およびスイッチング周期が与えられ、「昇圧チョッパのインダクタ電流リプル」が問われる問題で使います。理想素子、周期定常状態、連続電流モードを基本とし、Lの平均電圧が零になる順序で変換比を求めます。	MC-PE-016	""	""
反転形昇降圧チョッパの平均出力電圧	V_o=-\frac{D}{1-D}V_s	機械制御	連続電流・理想素子です。負号は入力と出力の極性が逆であることを示します。問題文に入力電圧、デューティ比、L、負荷およびスイッチング周期が与えられ、「反転形昇降圧チョッパの平均出力電圧」が問われる問題で使います。理想素子、周期定常状態、連続電流モードを基本とし、Lの平均電圧が零になる順序で変換比を求めます。	MC-PE-017	""	""
インダクタに蓄えられるエネルギー	W_L=\frac{1}{2}LI^2	機械制御	スイッチング回路の電流リプルとエネルギー移送の基本式です。問題文にLまたはCと、その素子の電流・電圧が与えられ、「インダクタに蓄えられるエネルギー」が問われる問題で使います。各スイッチの導通期間から出力波形を描き、その後に基本波・平均値・実効値を計算します。	MC-PE-018	""	""
コンデンサに蓄えられるエネルギー	W_C=\frac{1}{2}CV^2	機械制御	直流リンクや出力平滑コンデンサのエネルギー変動に用います。問題文にLまたはCと、その素子の電流・電圧が与えられ、「コンデンサに蓄えられるエネルギー」が問われる問題で使います。各スイッチの導通期間から出力波形を描き、その後に基本波・平均値・実効値を計算します。	MC-PE-019	""	""
単相フルブリッジ方形波インバータの基本波実効値	V_{1,rms}=\frac{2\sqrt{2}}{\pi}V_{dc}	機械制御	出力電圧が+V_dcと-V_dcの方形波となる場合です。問題文に直流電圧、ブリッジ構成、導通期間、変調率またはキャリア周波数が与えられ、「単相フルブリッジ方形波インバータの基本波実効値」が問われる問題で使います。各スイッチの導通期間から出力波形を描き、その後に基本波・平均値・実効値を計算します。	MC-PE-020	""	""
単相ハーフブリッジ方形波インバータの基本波実効値	V_{1,rms}=\frac{\sqrt{2}}{\pi}V_{dc}	機械制御	出力電圧が+V_dc/2と-V_dc/2の方形波となる場合です。問題文に直流電圧、ブリッジ構成、導通期間、変調率またはキャリア周波数が与えられ、「単相ハーフブリッジ方形波インバータの基本波実効値」が問われる問題で使います。各スイッチの導通期間から出力波形を描き、その後に基本波・平均値・実効値を計算します。	MC-PE-021	""	""
三相6ステップインバータの線間基本波実効値	V_{LL,1}=\frac{\sqrt{6}}{\pi}V_{dc}	機械制御	180度通電の理想三相電圧形インバータです。問題文に直流電圧、ブリッジ構成、導通期間、変調率またはキャリア周波数が与えられ、「三相6ステップインバータの線間基本波実効値」が問われる問題で使います。各スイッチの導通期間から出力波形を描き、その後に基本波・平均値・実効値を計算します。	MC-PE-022	""	""
三相正弦波PWMインバータの線間基本波実効値	V_{LL,1}=\frac{\sqrt{3}}{2\sqrt{2}}m_aV_{dc}	機械制御	線形変調範囲の二レベル電圧形インバータで、m_aは振幅変調率です。問題文に直流電圧、ブリッジ構成、導通期間、変調率またはキャリア周波数が与えられ、「三相正弦波PWMインバータの線間基本波実効値」が問われる問題で使います。各スイッチの導通期間から出力波形を描き、その後に基本波・平均値・実効値を計算します。	MC-PE-023	""	""
正弦波PWMの振幅変調率	m_a=\frac{V_{control,m}}{V_{carrier,m}}	機械制御	線形変調範囲では基本波電圧がm_aに比例します。問題文に直流電圧、ブリッジ構成、導通期間、変調率またはキャリア周波数が与えられ、「正弦波PWMの振幅変調率」が問われる問題で使います。各スイッチの導通期間から出力波形を描き、その後に基本波・平均値・実効値を計算します。	MC-PE-024	""	""
正弦波PWMの周波数変調率	m_f=\frac{f_c}{f_1}	機械制御	キャリア周波数を基本波指令周波数で割ります。問題文に直流電圧、ブリッジ構成、導通期間、変調率またはキャリア周波数が与えられ、「正弦波PWMの周波数変調率」が問われる問題で使います。各スイッチの導通期間から出力波形を描き、その後に基本波・平均値・実効値を計算します。	MC-PE-025	""	""
三相6パルス変換器の特性高調波次数	h=6k\pm1	機械制御	交流側線電流に現れる代表次数です。kは正の整数で、条件により振幅は変わります。問題文に変換器パルス数、素子電流波形、オン電圧またはスイッチングエネルギーが与えられ、「三相6パルス変換器の特性高調波次数」が問われる問題で使います。対象素子の平均電流と実効電流を波形から分け、長い単位表記から順に整合を確認します。	MC-PE-026	""	""
半導体素子の導通損失近似	P_{cond}\simeq V_0I_{avg}+r_{on}I_{rms}^2	機械制御	オン電圧をV0+r_on iで近似したときの平均導通損失です。問題文に変換器パルス数、素子電流波形、オン電圧またはスイッチングエネルギーが与えられ、「半導体素子の導通損失近似」が問われる問題で使います。対象素子の平均電流と実効電流を波形から分け、長い単位表記から順に整合を確認します。	MC-PE-027	""	""
半導体素子のスイッチング損失近似	P_{sw}\simeq f_s(E_{on}+E_{off})	機械制御	1回のオン・オフで失うエネルギーをデータや波形積分から求めます。問題文に変換器パルス数、素子電流波形、オン電圧またはスイッチングエネルギーが与えられ、「半導体素子のスイッチング損失近似」が問われる問題で使います。対象素子の平均電流と実効電流を波形から分け、長い単位表記から順に整合を確認します。	MC-PE-028	""	""
電圧形インバータの基本判断	直流側電圧を平滑コンデンサでほぼ一定に保ち、交流側電圧をスイッチングで合成する	機械制御	アーム短絡を避けるデッドタイムと、誘導性負荷電流の還流経路が必要です。問題文の直流側平滑素子、還流経路、導通角またはインダクタ電流の零区間に注目し、「電圧形インバータの基本判断」を判断・説明する問題で使います。スイッチ状態ごとの電流経路を先に描き、直流側の短絡・開放禁止条件と還流経路を確認します。	MC-PE-029	""	""
電流形インバータの基本判断	直流側電流をリアクトルでほぼ一定に保ち、交流側へ電流を転流する	機械制御	直流電流経路の開放を避ける必要があり、電圧形と保護上の禁止状態が異なります。問題文の直流側平滑素子、還流経路、導通角またはインダクタ電流の零区間に注目し、「電流形インバータの基本判断」を判断・説明する問題で使います。スイッチ状態ごとの電流経路を先に描き、直流側の短絡・開放禁止条件と還流経路を確認します。	MC-PE-030	""	""
フリーホイールダイオードの役割	電源電圧が反転またはスイッチがオフの間も誘導性負荷電流の連続経路を作る	機械制御	負荷端子を短絡する区間では負荷電圧がほぼ零となり、蓄積エネルギーが循環します。問題文の直流側平滑素子、還流経路、導通角またはインダクタ電流の零区間に注目し、「フリーホイールダイオードの役割」を判断・説明する問題で使います。スイッチ状態ごとの電流経路を先に描き、直流側の短絡・開放禁止条件と還流経路を確認します。	MC-PE-031	""	""
120度通電と180度通電の相違	120度通電では各素子が120度、180度通電では各素子が180度導通する	機械制御	同時導通素子数と相電圧波形が異なるため、回路の電流経路から判断します。問題文の直流側平滑素子、還流経路、導通角またはインダクタ電流の零区間に注目し、「120度通電と180度通電の相違」を判断・説明する問題で使います。スイッチ状態ごとの電流経路を先に描き、直流側の短絡・開放禁止条件と還流経路を確認します。	MC-PE-032	""	""
伝達関数の定義	G(s)=\frac{Y(s)}{U(s)}	機械制御	初期値を零とした線形時不変系の出力ラプラス変換と入力ラプラス変換の比です。問題文にブロック線図、入力・出力、前向き要素と帰還要素が与えられ、「伝達関数の定義」が問われる問題で使います。初期値零の線形時不変系かを確認し、単位負帰還でない場合はH(s)を含めてループを整理します。	MC-CTL-001	""	""
時間微分のラプラス変換	\mathcal{L}\{\dot{x}(t)\}=sX(s)-x(0^-)	機械制御	初期値が零でない場合の項を落とさないようにします。問題文にブロック線図、入力・出力、前向き要素と帰還要素が与えられ、「時間微分のラプラス変換」が問われる問題で使います。初期値零の線形時不変系かを確認し、単位負帰還でない場合はH(s)を含めてループを整理します。	MC-CTL-002	""	""
時間積分のラプラス変換	\mathcal{L}\left\{\int_0^t x(\tau)d\tau\right\}=\frac{X(s)}{s}	機械制御	積分器の伝達関数が1/sとなる基本関係です。問題文にブロック線図、入力・出力、前向き要素と帰還要素が与えられ、「時間積分のラプラス変換」が問われる問題で使います。初期値零の線形時不変系かを確認し、単位負帰還でない場合はH(s)を含めてループを整理します。	MC-CTL-003	""	""
直列結合したブロックの伝達関数	G_{eq}(s)=G_1(s)G_2(s)	機械制御	同じ信号が順に通る直列ブロックは積でまとめます。問題文にブロック線図、入力・出力、前向き要素と帰還要素が与えられ、「直列結合したブロックの伝達関数」が問われる問題で使います。初期値零の線形時不変系かを確認し、単位負帰還でない場合はH(s)を含めてループを整理します。	MC-CTL-004	""	""
並列結合したブロックの伝達関数	G_{eq}(s)=G_1(s)\pm G_2(s)	機械制御	加え合わせ点の符号に従って和または差を取ります。問題文にブロック線図、入力・出力、前向き要素と帰還要素が与えられ、「並列結合したブロックの伝達関数」が問われる問題で使います。初期値零の線形時不変系かを確認し、単位負帰還でない場合はH(s)を含めてループを整理します。	MC-CTL-005	""	""
負帰還系の閉ループ伝達関数	G_{cl}(s)=\frac{G(s)}{1+G(s)H(s)}	機械制御	前向き要素G、帰還要素Hの標準負帰還です。正帰還では分母の符号がマイナスになります。問題文にブロック線図、入力・出力、前向き要素と帰還要素が与えられ、「負帰還系の閉ループ伝達関数」が問われる問題で使います。初期値零の線形時不変系かを確認し、単位負帰還でない場合はH(s)を含めてループを整理します。	MC-CTL-006	""	""
負帰還系の特性方程式	1+G(s)H(s)=0	機械制御	閉ループ極を決める方程式です。約分で不安定極零相殺を見落とさないようにします。問題文にブロック線図、入力・出力、前向き要素と帰還要素が与えられ、「負帰還系の特性方程式」が問われる問題で使います。初期値零の線形時不変系かを確認し、単位負帰還でない場合はH(s)を含めてループを整理します。	MC-CTL-007	""	""
感度関数	S(s)=\frac{1}{1+L(s)}	機械制御	L=GHはループ伝達関数です。低周波で|L|を大きくすると外乱やモデル変動への感度が下がります。問題文にブロック線図、入力・出力、前向き要素と帰還要素が与えられ、「感度関数」が問われる問題で使います。初期値零の線形時不変系かを確認し、単位負帰還でない場合はH(s)を含めてループを整理します。	MC-CTL-008	""	""
相補感度関数	T(s)=\frac{L(s)}{1+L(s)}	機械制御	S+T=1が成り立ちます。基準値追従や観測雑音の伝達評価に使います。問題文にブロック線図、入力・出力、前向き要素と帰還要素が与えられ、「相補感度関数」が問われる問題で使います。初期値零の線形時不変系かを確認し、単位負帰還でない場合はH(s)を含めてループを整理します。	MC-CTL-009	""	""
連続時間系の極による安定判別	特性方程式のすべての極の実部が負なら漸近安定	機械制御	虚軸上の単純極は持続振動、右半平面極は不安定です。問題文の閉ループ特性方程式、開ループ極・零点またはゲインに注目し、「連続時間系の極による安定判別」を判断・説明する問題で使います。閉ループ分母から特性方程式を作り、ラウス表や根軌跡ではその係数・開ループ極零点を使います。	MC-CTL-010	""	""
ラウス表による右半平面極の個数	ラウス表第1列の符号変化回数が右半平面の根の個数に等しい	機械制御	係数欠落、先頭要素零、行全体零の特別処理を区別します。問題文に閉ループ特性方程式、開ループ極・零点またはゲインが与えられ、「ラウス表による右半平面極の個数」が問われる問題で使います。閉ループ分母から特性方程式を作り、ラウス表や根軌跡ではその係数・開ループ極零点を使います。	MC-CTL-011	""	""
根軌跡の大きさ条件	|K G(s)H(s)|=1	機械制御	特性方程式1+KGH=0を満たす点で、Kは正の実数とします。問題文の閉ループ特性方程式、開ループ極・零点またはゲインに注目し、「根軌跡の大きさ条件」を判断・説明する問題で使います。閉ループ分母から特性方程式を作り、ラウス表や根軌跡ではその係数・開ループ極零点を使います。	MC-CTL-012	""	""
根軌跡の角度条件	\angle G(s)H(s)=(2k+1)\pi	機械制御	負帰還で正ゲインKを変える標準根軌跡の条件です。問題文の閉ループ特性方程式、開ループ極・零点またはゲインに注目し、「根軌跡の角度条件」を判断・説明する問題で使います。閉ループ分母から特性方程式を作り、ラウス表や根軌跡ではその係数・開ループ極零点を使います。	MC-CTL-013	""	""
根軌跡の実軸上存在条件	着目点より右側にある実軸上の開ループ極と零点の総数が奇数なら根軌跡上にある	機械制御	正ゲイン・標準負帰還の判定則です。問題文の閉ループ特性方程式、開ループ極・零点またはゲインに注目し、「根軌跡の実軸上存在条件」を判断・説明する問題で使います。閉ループ分母から特性方程式を作り、ラウス表や根軌跡ではその係数・開ループ極零点を使います。	MC-CTL-014	""	""
ボード線図のゲイン表示	G_{dB}=20\log_{10}|G(j\omega)|	機械制御	電力比ではなく振幅比なので20 logを用います。問題文に伝達関数、折点周波数、減衰比、固有角周波数または応答仕様が与えられ、「ボード線図のゲイン表示」が問われる問題で使います。折点周波数の前後でゲイン傾斜を変え、二次遅れ系は0<ζ<1のとき振動応答として扱います。	MC-CTL-015	""	""
一次遅れ要素の伝達関数	G(s)=\frac{K}{1+Ts}	機械制御	折点角周波数は1/T、高周波側のゲイン傾斜は-20 dB/decです。問題文に伝達関数、折点周波数、減衰比、固有角周波数または応答仕様が与えられ、「一次遅れ要素の伝達関数」が問われる問題で使います。折点周波数の前後でゲイン傾斜を変え、二次遅れ系は0<ζ<1のとき振動応答として扱います。	MC-CTL-016	""	""
一次遅れ要素の単位ステップ応答	y(t)=K(1-e^{-t/T})	機械制御	初期値零で、約4T後に最終値の約98%へ到達します。問題文に伝達関数、折点周波数、減衰比、固有角周波数または応答仕様が与えられ、「一次遅れ要素の単位ステップ応答」が問われる問題で使います。折点周波数の前後でゲイン傾斜を変え、二次遅れ系は0<ζ<1のとき振動応答として扱います。	MC-CTL-017	""	""
標準二次系の伝達関数	G(s)=\frac{\omega_n^2}{s^2+2\zeta\omega_ns+\omega_n^2}	機械制御	直流ゲイン1の標準形です。0<ζ<1で不足減衰応答になります。問題文に伝達関数、折点周波数、減衰比、固有角周波数または応答仕様が与えられ、「標準二次系の伝達関数」が問われる問題で使います。折点周波数の前後でゲイン傾斜を変え、二次遅れ系は0<ζ<1のとき振動応答として扱います。	MC-CTL-018	""	""
不足減衰二次系の減衰固有角周波数	\omega_d=\omega_n\sqrt{1-\zeta^2}	機械制御	0<ζ<1のときの振動角周波数です。問題文に伝達関数、折点周波数、減衰比、固有角周波数または応答仕様が与えられ、「不足減衰二次系の減衰固有角周波数」が問われる問題で使います。折点周波数の前後でゲイン傾斜を変え、二次遅れ系は0<ζ<1のとき振動応答として扱います。	MC-CTL-019	""	""
標準二次系の最大オーバシュート率	M_p=e^{-\pi\zeta/\sqrt{1-\zeta^2}}	機械制御	0<ζ<1の単位ステップ応答で、最終値に対する比です。百分率なら100倍します。問題文に伝達関数、折点周波数、減衰比、固有角周波数または応答仕様が与えられ、「標準二次系の最大オーバシュート率」が問われる問題で使います。折点周波数の前後でゲイン傾斜を変え、二次遅れ系は0<ζ<1のとき振動応答として扱います。	MC-CTL-020	""	""
標準二次系のピーク時間	t_p=\frac{\pi}{\omega_n\sqrt{1-\zeta^2}}	機械制御	0<ζ<1の単位ステップ応答で最初のピークまでの時間です。問題文に伝達関数、折点周波数、減衰比、固有角周波数または応答仕様が与えられ、「標準二次系のピーク時間」が問われる問題で使います。折点周波数の前後でゲイン傾斜を変え、二次遅れ系は0<ζ<1のとき振動応答として扱います。	MC-CTL-021	""	""
標準二次系の2%整定時間近似	t_s\simeq\frac{4}{\zeta\omega_n}	機械制御	支配的な二次極で0<ζ<1の包絡線を使う代表近似です。厳密な定義は問題指定に従います。問題文に伝達関数、折点周波数、減衰比、固有角周波数または応答仕様が与えられ、「標準二次系の2%整定時間近似」が問われる問題で使います。折点周波数の前後でゲイン傾斜を変え、二次遅れ系は0<ζ<1のとき振動応答として扱います。	MC-CTL-022	""	""
最終値定理	\lim_{t\to\infty}y(t)=\lim_{s\to0}sY(s)	機械制御	sY(s)の全極が左半平面にあるなど最終値が存在する条件で用います。問題文に閉ループ伝達関数とステップ・ランプ・放物線入力が与えられ、「最終値定理」が問われる問題で使います。最終値定理は閉ループが安定で、sY(s)の極が右半平面や虚軸に残らないことを確認してから使います。	MC-CTL-023	""	""
初期値定理	\lim_{t\to0^+}y(t)=\lim_{s\to\infty}sY(s)	機械制御	インパルス成分などで条件を満たさない場合は使えません。問題文に閉ループ伝達関数とステップ・ランプ・放物線入力が与えられ、「初期値定理」が問われる問題で使います。入力がステップ・ランプ・放物線のどれかを判別し、単位負帰還でなければ等価ループへ直して偏差定数を使います。	MC-CTL-024	""	""
単位フィードバック系の位置偏差定数	K_p=\lim_{s\to0}G(s)	機械制御	単位ステップ入力の定常偏差はe_ss=1/(1+K_p)です。問題文に閉ループ伝達関数とステップ・ランプ・放物線入力が与えられ、「単位フィードバック系の位置偏差定数」が問われる問題で使います。入力がステップ・ランプ・放物線のどれかを判別し、単位負帰還でなければ等価ループへ直して偏差定数を使います。	MC-CTL-025	""	""
単位フィードバック系の速度偏差定数	K_v=\lim_{s\to0}sG(s)	機械制御	単位ランプ入力の定常偏差はe_ss=1/K_vです。問題文に閉ループ伝達関数とステップ・ランプ・放物線入力が与えられ、「単位フィードバック系の速度偏差定数」が問われる問題で使います。入力がステップ・ランプ・放物線のどれかを判別し、単位負帰還でなければ等価ループへ直して偏差定数を使います。	MC-CTL-026	""	""
単位フィードバック系の加速度偏差定数	K_a=\lim_{s\to0}s^2G(s)	機械制御	単位加速度入力R(s)=1/s³の定常偏差はe_ss=1/K_aです。問題文に閉ループ伝達関数とステップ・ランプ・放物線入力が与えられ、「単位フィードバック系の加速度偏差定数」が問われる問題で使います。入力がステップ・ランプ・放物線のどれかを判別し、単位負帰還でなければ等価ループへ直して偏差定数を使います。	MC-CTL-027	""	""
制御系の型	開ループ伝達関数G(s)H(s)が原点にもつ極の個数を系の型という	機械制御	0型・1型・2型の順に、ステップ・ランプ・加速度入力への定常偏差特性が改善します。問題文に閉ループ伝達関数とステップ・ランプ・放物線入力が与えられ、「制御系の型」が問われる問題で使います。入力がステップ・ランプ・放物線のどれかを判別し、単位負帰還でなければ等価ループへ直して偏差定数を使います。	MC-CTL-028	""	""
PID制御器の伝達関数	C(s)=K_P+\frac{K_I}{s}+K_Ds	機械制御	実装では微分項にフィルタを付け、飽和時には積分ワインドアップ対策を行います。問題文に制御器、状態方程式、状態行列、入力・出力行列が与えられ、「PID制御器の伝達関数」が問われる問題で使います。行列の次元と状態変数の順序を固定し、可制御・可観測性は対応行列の階数で確認します。	MC-CTL-029	""	""
PI制御器の零点	C(s)=K_P\frac{s+K_I/K_P}{s}	機械制御	原点極で定常偏差を改善し、零点位置は-K_I/K_Pです。問題文に制御器、状態方程式、状態行列、入力・出力行列が与えられ、「PI制御器の零点」が問われる問題で使います。行列の次元と状態変数の順序を固定し、可制御・可観測性は対応行列の階数で確認します。	MC-CTL-030	""	""
畳み込み積分による出力	y(t)=\int_0^t g(t-\tau)u(\tau)d\tau	機械制御	初期値零の因果的LTI系で、g(t)はインパルス応答です。問題文に制御器、状態方程式、状態行列、入力・出力行列が与えられ、「畳み込み積分による出力」が問われる問題で使います。行列の次元と状態変数の順序を固定し、可制御・可観測性は対応行列の階数で確認します。	MC-CTL-031	""	""
状態方程式の解	x(t)=e^{At}x(0)+\int_0^t e^{A(t-\tau)}Bu(\tau)d\tau	機械制御	e^{At}は状態遷移行列です。問題文に制御器、状態方程式、状態行列、入力・出力行列が与えられ、「状態方程式の解」が問われる問題で使います。行列の次元と状態変数の順序を固定し、可制御・可観測性は対応行列の階数で確認します。	MC-CTL-032	""	""
状態空間表現から伝達関数を求める式	G(s)=C(sI-A)^{-1}B+D	機械制御	初期値零の線形時不変系に用います。問題文に制御器、状態方程式、状態行列、入力・出力行列が与えられ、「状態空間表現から伝達関数を求める式」が問われる問題で使います。行列の次元と状態変数の順序を固定し、可制御・可観測性は対応行列の階数で確認します。	MC-CTL-033	""	""
可制御性行列	\mathcal{C}=[B\ AB\ A^2B\ \cdots\ A^{n-1}B]	機械制御	rank C=nなら状態の任意点へ有限時間で移せる可制御系です。問題文に制御器、状態方程式、状態行列、入力・出力行列が与えられ、「可制御性行列」が問われる問題で使います。行列の次元と状態変数の順序を固定し、可制御・可観測性は対応行列の階数で確認します。	MC-CTL-034	""	""
可観測性行列	\mathcal{O}=[C^T\ (CA)^T\ \cdots\ (CA^{n-1})^T]^T	機械制御	rank O=nなら入出力から初期状態を一意に推定できる可観測系です。問題文に制御器、状態方程式、状態行列、入力・出力行列が与えられ、「可観測性行列」が問われる問題で使います。行列の次元と状態変数の順序を固定し、可制御・可観測性は対応行列の階数で確認します。	MC-CTL-035	""	""
状態フィードバック後の閉ループ行列	u=-Kx+r\quad\Rightarrow\quad A_{cl}=A-BK	機械制御	可制御ならKを選んで閉ループ極を配置できます。問題文に制御器、状態方程式、状態行列、入力・出力行列が与えられ、「状態フィードバック後の閉ループ行列」が問われる問題で使います。行列の次元と状態変数の順序を固定し、可制御・可観測性は対応行列の階数で確認します。	MC-CTL-036	""	""
ルエンバーガオブザーバの誤差系	\dot{e}=(A-LC)e	機械制御	可観測ならLを選んで推定誤差の極を配置できます。問題文に制御器、状態方程式、状態行列、入力・出力行列が与えられ、「ルエンバーガオブザーバの誤差系」が問われる問題で使います。行列の次元と状態変数の順序を固定し、可制御・可観測性は対応行列の階数で確認します。	MC-CTL-037	""	""
ナイキストの安定判別	N=Z-P	機械制御	開ループ右半平面極数P、閉ループ右半平面極数Z、-1点の時計回り包囲数Nという符号規約です。問題文の開ループ周波数応答、交差周波数、位相・ゲイン余裕または信号流れ線図に注目し、「ナイキストの安定判別」を判断・説明する問題で使います。開ループ周波数応答を用い、ゲイン交差・位相交差周波数と負帰還の符号規約を確認します。	MC-CTL-038	""	""
ゲイン余裕	GM=\frac{1}{|L(j\omega_{pc})|}	機械制御	位相交差周波数ω_pcでの倍率余裕です。dB値は-20log10|L|です。問題文に開ループ周波数応答、交差周波数、位相・ゲイン余裕または信号流れ線図が与えられ、「ゲイン余裕」が問われる問題で使います。開ループ周波数応答を用い、ゲイン交差・位相交差周波数と負帰還の符号規約を確認します。	MC-CTL-039	""	""
位相余裕	PM=180^\circ+\angle L(j\omega_{gc})	機械制御	ゲイン交差周波数ω_gcでの位相から求めます。標準負帰還を仮定します。問題文に開ループ周波数応答、交差周波数、位相・ゲイン余裕または信号流れ線図が与えられ、「位相余裕」が問われる問題で使います。開ループ周波数応答を用い、ゲイン交差・位相交差周波数と負帰還の符号規約を確認します。	MC-CTL-040	""	""
進み補償の基本判断	位相進み補償は正の位相を加え、一般に位相余裕と応答速度を高める	機械制御	高周波ゲインも増えやすいため雑音とのトレードオフがあります。問題文の開ループ周波数応答、交差周波数、位相・ゲイン余裕または信号流れ線図に注目し、「進み補償の基本判断」を判断・説明する問題で使います。開ループ周波数応答を用い、ゲイン交差・位相交差周波数と負帰還の符号規約を確認します。	MC-CTL-041	""	""
遅れ補償の基本判断	位相遅れ補償は低周波ゲインを相対的に高め、定常偏差を改善する	機械制御	帯域幅や応答速度が低下し得るため折点配置を確認します。問題文の開ループ周波数応答、交差周波数、位相・ゲイン余裕または信号流れ線図に注目し、「遅れ補償の基本判断」を判断・説明する問題で使います。開ループ周波数応答を用い、ゲイン交差・位相交差周波数と負帰還の符号規約を確認します。	MC-CTL-042	""	""
正弦波入力に対する定常応答	u(t)=U\sin\omega t\Rightarrow y_{ss}(t)=U|G(j\omega)|\sin(\omega t+\angle G(j\omega))	機械制御	安定なLTI系では周波数を保ったまま振幅と位相が変化します。問題文に開ループ周波数応答、交差周波数、位相・ゲイン余裕または信号流れ線図が与えられ、「正弦波入力に対する定常応答」が問われる問題で使います。開ループ周波数応答を用い、ゲイン交差・位相交差周波数と負帰還の符号規約を確認します。	MC-CTL-043	""	""
メイソンのゲイン公式	T=\frac{\sum_kP_k\Delta_k}{\Delta}	機械制御	信号流れ線図で、Δ=1-ループ利得和+非接触2ループ積和-…です。問題文に開ループ周波数応答、交差周波数、位相・ゲイン余裕または信号流れ線図が与えられ、「メイソンのゲイン公式」が問われる問題で使います。開ループ周波数応答を用い、ゲイン交差・位相交差周波数と負帰還の符号規約を確認します。	MC-CTL-044	""	""
コロナ放電の基本判断	電線表面電位傾度が空気の破壊限界を超えるとコロナが発生する	電力管理	導体径や束導体化、表面状態、気象で開始条件が変わります。経験定数を含む損失式は問題で与えられるものを使います。問題文の導体表面状態、遮蔽角、リレー端電圧・電流または故障距離に注目し、「コロナ放電の基本判断」を判断・説明する問題で使います。等価回路や導体配置を先に描き、誘導・循環電流・保護リレーの電圧電流方向をそろえて評価します。	PM-LINE-034	""	""
架空地線の遮蔽角と直撃雷遮蔽	一般に遮蔽角を小さくすると相導体への直撃雷を遮蔽しやすい	電力管理	鉄塔配置と雷撃モデルに依存するため、詳細な経験式は問題条件に従います。問題文に導体表面状態、遮蔽角、リレー端電圧・電流または故障距離が与えられ、「架空地線の遮蔽角と直撃雷遮蔽」が問われる問題で使います。等価回路や導体配置を先に描き、誘導・循環電流・保護リレーの電圧電流方向をそろえて評価します。	PM-LINE-035	""	""
距離リレーが測定する見掛けインピーダンス	Z_{app}=\frac{\dot{V}}{\dot{I}}	電力管理	線路単位長インピーダンスzが一様なら故障距離は概ねx=Z_app/zで評価します。故障抵抗や零相補償を別途考慮します。問題文に導体表面状態、遮蔽角、リレー端電圧・電流または故障距離が与えられ、「距離リレーが測定する見掛けインピーダンス」が問われる問題で使います。等価回路や導体配置を先に描き、誘導・循環電流・保護リレーの電圧電流方向をそろえて評価します。	PM-LINE-036	""	""
水力発電所の有効落差	H=H_g-h_f	電力管理	総落差H_gから水路・水圧管などの損失水頭h_fを差し引きます。問題文に総落差と損失水頭、または水車の回転速度・出力・落差が与えられ、「水力発電所の有効落差」が問われる問題で使います。水力では総落差から損失水頭を引いた有効落差を使い、比速度は指定された単位規約へそろえます。	PM-GEN-031	""	""
水車の比速度（出力基準）	n_s=\frac{n\sqrt{P}}{H^{5/4}}	電力管理	1台の水車が落差1 mで相似運転するときの回転速度を表す慣用式です。PとHの単位規約をそろえます。問題文に総落差と損失水頭、または水車の回転速度・出力・落差が与えられ、「水車の比速度（出力基準）」が問われる問題で使います。水力では総落差から損失水頭を引いた有効落差を使い、比速度は指定された単位規約へそろえます。	PM-GEN-032	""	""
交流潮流計算の母線有効電力方程式	\begin{aligned}P_i=V_i\sum_{j=1}^{n}V_j[&G_{ij}\cos(\delta_i-\delta_j)\\&+B_{ij}\sin(\delta_i-\delta_j)]\end{aligned}	電力管理	母線アドミタンス行列Y=G+jBを用い、母線iから系統へ注入する電力を正とします。問題文に母線電圧、位相角、アドミタンス行列と指定された母線種別が与えられ、「交流潮流計算の母線有効電力方程式」が問われる問題で使います。スラック・PV・PQ母線の既知量を整理し、母線アドミタンス行列の符号規約を一貫させます。	PM-STB-015	""	""
交流潮流計算の母線無効電力方程式	\begin{aligned}Q_i=V_i\sum_{j=1}^{n}V_j[&G_{ij}\sin(\delta_i-\delta_j)\\&-B_{ij}\cos(\delta_i-\delta_j)]\end{aligned}	電力管理	母線iから系統へ注入する無効電力を正とする符号規約です。問題文に母線電圧、位相角、アドミタンス行列と指定された母線種別が与えられ、「交流潮流計算の母線無効電力方程式」が問われる問題で使います。スラック・PV・PQ母線の既知量を整理し、母線アドミタンス行列の符号規約を一貫させます。	PM-STB-016	""	""
連系線を含む負荷周波数制御の地域要求量	ACE=\Delta P_{tie}+B\Delta f	電力管理	連系線潮流偏差と周波数偏差を周波数バイアスBで合成します。符号は地域の流出入定義に合わせます。問題文に連系線潮流偏差、周波数偏差および周波数バイアスが与えられ、「連系線を含む負荷周波数制御の地域要求量」が問われる問題で使います。連系線の流出入方向と周波数偏差の正方向を、ACEの定義に合わせます。	PM-STB-017	""	""
巻線形誘導電動機を最大トルクで始動する抵抗条件	R_{2,total}'=\sqrt{R_{th}^2+(X_{th}+X_2')^2}	機械制御	始動滑りs=1を最大トルク滑りに一致させます。外部抵抗はこの総抵抗から回転子抵抗を引きます。問題文の回転方向、同期速度、滑り、電力の向きまたは各損失に注目し、「巻線形誘導電動機を最大トルクで始動する抵抗条件」を判断・説明する問題で使います。制動・回生では回転磁界と回転子の相対方向を図示し、電力が機械側から電源側へ戻るか確認します。	MC-IM-027	""	""
誘導電動機の直流制動	固定子へ直流を流して静止磁界を作ると、回転子に制動トルクが生じる	機械制御	速度零では誘導起電力が零になるため制動トルクも零になります。問題文に回転方向、同期速度、滑り、電力の向きまたは各損失が与えられ、「誘導電動機の直流制動」が問われる問題で使います。制動・回生では回転磁界と回転子の相対方向を図示し、電力が機械側から電源側へ戻るか確認します。	MC-IM-028	""	""
チョッパの不連続電流モードの判断	スイッチング周期内にインダクタ電流が零となる区間をもつと不連続電流モードになる	機械制御	不連続モードでは変換比がデューティ比だけで決まらず、負荷・L・周波数にも依存します。問題文の直流側平滑素子、還流経路、導通角またはインダクタ電流の零区間に注目し、「チョッパの不連続電流モードの判断」を判断・説明する問題で使います。スイッチ状態ごとの電流経路を先に描き、直流側の短絡・開放禁止条件と還流経路を確認します。	MC-PE-033	""	""
周期波形の複素フーリエ係数	C_n=\frac{1}{T}\int_0^T x(t)e^{-jn\omega_0t}dt	機械制御	スイッチング波形の基本波・高調波を共通の積分式から求めます。問題文に直流側平滑素子、還流経路、導通角またはインダクタ電流の零区間が与えられ、「周期波形の複素フーリエ係数」が問われる問題で使います。スイッチ状態ごとの電流経路を先に描き、直流側の短絡・開放禁止条件と還流経路を確認します。	MC-PE-034	""	""
コンデンサの電圧リプル近似	\Delta V\simeq\frac{\Delta Q}{C}=\frac{1}{C}\int i_C(t)dt	機械制御	対象区間のコンデンサ電流を積分して電荷変化を求めます。問題文に直流側平滑素子、還流経路、導通角またはインダクタ電流の零区間が与えられ、「コンデンサの電圧リプル近似」が問われる問題で使います。スイッチ状態ごとの電流経路を先に描き、直流側の短絡・開放禁止条件と還流経路を確認します。	MC-PE-035	""	""
PD制御器の伝達関数	C(s)=K_P+K_Ds=K_D\left(s+\frac{K_P}{K_D}\right)	機械制御	位相進みを与えて過渡応答を改善します。実装では高周波雑音を抑える微分フィルタを用います。問題文に補償要素または積分・微分・零点・むだ時間を含む伝達関数が与えられ、「PD制御器の伝達関数」が問われる問題で使います。各極・零点の折点前後で傾きを加算し、むだ時間はゲインを変えず位相だけを遅らせる点に注意します。	MC-CTL-045	""	""
積分要素のボード線図	G(s)=\frac{K}{s}	機械制御	ゲイン傾斜は-20 dB/dec、位相は-90度です。問題文に補償要素または積分・微分・零点・むだ時間を含む伝達関数が与えられ、「積分要素のボード線図」が問われる問題で使います。各極・零点の折点前後で傾きを加算し、むだ時間はゲインを変えず位相だけを遅らせる点に注意します。	MC-CTL-046	""	""
微分要素のボード線図	G(s)=Ks	機械制御	ゲイン傾斜は+20 dB/dec、位相は+90度です。実機では高周波でフィルタを付けます。問題文に補償要素または積分・微分・零点・むだ時間を含む伝達関数が与えられ、「微分要素のボード線図」が問われる問題で使います。各極・零点の折点前後で傾きを加算し、むだ時間はゲインを変えず位相だけを遅らせる点に注意します。	MC-CTL-047	""	""
一次零点のボード線図	G(s)=1+Ts	機械制御	折点1/Tより高周波側で+20 dB/decを加え、位相を最大90度進めます。問題文に補償要素または積分・微分・零点・むだ時間を含む伝達関数が与えられ、「一次零点のボード線図」が問われる問題で使います。各極・零点の折点前後で傾きを加算し、むだ時間はゲインを変えず位相だけを遅らせる点に注意します。	MC-CTL-048	""	""
純粋むだ時間要素の周波数応答	G(j\omega)=e^{-j\omega L}	機械制御	ゲインは1のまま、位相が-ωL radだけ遅れます。問題文に補償要素または積分・微分・零点・むだ時間を含む伝達関数が与えられ、「純粋むだ時間要素の周波数応答」が問われる問題で使います。各極・零点の折点前後で傾きを加算し、むだ時間はゲインを変えず位相だけを遅らせる点に注意します。	MC-CTL-049	""	""
水車形式を落差と流量から選定する基本的な考え方を説明せよ。	高落差・小流量にはペルトン水車、中落差にはフランシス水車、低落差・大流量にはカプラン水車又は斜流水車を選ぶ。落差、流量、比速度、効率特性及び保守性を総合して決定する。	電力管理論説	水車形式の適用範囲を比較する論説で使う。問題文では「落差、流量、水車形式」が手掛かりとなる。答案には「高落差・小流量、中落差、低落差・大流量」を入れる。比速度だけで決めず、運転範囲とキャビテーション条件も確認する。出題例：H30 電力・管理 問1、H28 電力・管理 問1。	essay_power_001	""	""
ペルトン水車の部分負荷効率を改善する運用方法を説明せよ。	使用するノズルの射数を減らす、又はニードルを絞ってジェット流速を保ち、ランナに当たる水量を負荷に合わせることで部分負荷効率を高める。	電力管理論説	部分負荷時の水車効率改善を問う問題で使う。問題文では「ペルトン、ノズル、ニードル、部分負荷」が手掛かりとなる。答案には「使用射数、ジェット流速、ニードル」を入れる。単に流量を減らすだけでなく、流速を維持する理由まで書く。出題例：H28 電力・管理 問1。	essay_power_002	""	""
クロスフロー水車の部分負荷効率を改善する構造と運用を説明せよ。	ガイドベーンを二分割し、流量に応じて二枚、片側のみへ使用範囲を切り替える。ランナへの流入域を負荷に合わせ、適切な流速を保って部分負荷効率を高める。	電力管理論説	クロスフロー水車の部分負荷運転を問う問題で使う。問題文では「二分割ガイドベーン、流量、部分負荷」が手掛かりとなる。答案には「二分割、使用範囲切替、流速維持」を入れる。ペルトン水車のノズル射数制御と混同しない。出題例：H28 電力・管理 問1。	essay_power_003	""	""
カプラン水車又は斜流水車の部分負荷効率を改善する方法を説明せよ。	ガイドベーン開度とランナベーン角度を連動調整し、流量の変化に対して流入角と流出状態を適正に保つことで部分負荷効率を高める。	電力管理論説	可動翼水車の効率改善を問う問題で使う。問題文では「カプラン、斜流、ガイドベーン、ランナベーン」が手掛かりとなる。答案には「ガイドベーンとランナベーンの連動」を入れる。固定翼のフランシス水車と区別し、二重調整であることを書く。出題例：H28 電力・管理 問1。	essay_power_004	""	""
水力発電所で負荷遮断時に水撃作用が生じる仕組みを説明せよ。	負荷遮断に伴い調速機がガイドベーンを急閉すると、水流が急減速し、運動エネルギーが圧力エネルギーへ変換される。その圧力上昇が水圧管路や圧力トンネルを伝搬する。	電力管理論説	水撃の原因と現象を説明する問題で使う。問題文では「負荷遮断、ガイドベーン急閉、水圧上昇」が手掛かりとなる。答案には「水流の慣性、運動エネルギー、圧力エネルギー」を入れる。単なる圧力上昇ではなく、急閉とエネルギー変換の因果関係を書く。出題例：R05 電力・管理 問1、H26 電力・管理 問1。	essay_power_005	""	""
サージタンクが水撃作用を抑制する原理を説明せよ。	圧力トンネルと水圧管路の接続部付近に自由水面をもつサージタンクを設け、負荷急変時の水の出入りによって流量変化と圧力変動を吸収する。	電力管理論説	水撃対策設備の名称・場所・原理を問う問題で使う。問題文では「サージタンク、自由水面、圧力変動」が手掛かりとなる。答案には「設置場所、自由水面、流量変動吸収」を入れる。制圧機のように弁を開放する装置ではない。出題例：R05 電力・管理 問1、H26 電力・管理 問1。	essay_power_006	""	""
制圧機が水撃作用を抑制する原理を説明せよ。	ケーシング又は水圧管路末端に設け、ガイドベーンの急閉と連動して弁体を開放する。水を逃がして急激な圧力上昇を抑え、水車と管路を保護する。	電力管理論説	水撃対策設備の動作を問う問題で使う。問題文では「制圧機、ガイドベーン、弁体開放」が手掛かりとなる。答案には「設置場所、連動開放、圧力逃がし」を入れる。サージタンクの自由水面による吸収と区別する。出題例：R05 電力・管理 問1、H26 電力・管理 問1。	essay_power_007	""	""
反動水車に吸出し管を設ける目的を二つ説明せよ。	ランナ出口を放水面へ導くとともに、管内水柱によりランナ出口圧力を大気圧以下にして吸出し高さを有効落差として利用する。また、出口の運動エネルギーを圧力エネルギーとして回収する。	電力管理論説	吸出し管の役割を列挙する問題で使う。問題文では「反動水車、ランナ出口、吸出し高さ」が手掛かりとなる。答案には「有効落差利用、運動エネルギー回収」を入れる。吸出し高さを過大にするとキャビテーションが生じる。出題例：H30 電力・管理 問1。	essay_power_008	""	""
水車でキャビテーションが発生する原因と障害を説明せよ。	局部圧力が水の飽和蒸気圧以下になると気泡が発生し、高圧部で崩壊する。その衝撃でランナ表面に壊食、振動、騒音が生じ、効率と寿命が低下する。	電力管理論説	吸出し高さや水車据付高さを問う問題で使う。問題文では「局部圧力、飽和蒸気圧、気泡崩壊」が手掛かりとなる。答案には「気泡発生、崩壊衝撃、壊食」を入れる。空気混入による単純な腐食と混同しない。出題例：H30 電力・管理 問1、H28 電力・管理 問1。	essay_power_009	""	""
水車調速機とガイドベーンの役割を説明せよ。	調速機は回転速度又は周波数の偏差を検出し、ガイドベーン開度を調整して水量と水車出力を変える。負荷変動時の速度・周波数を維持し、負荷遮断時には過速度を防ぐ。	電力管理論説	水車の速度制御と出力調整を問う問題で使う。問題文では「調速機、周波数偏差、ガイドベーン」が手掛かりとなる。答案には「偏差検出、水量調整、過速度防止」を入れる。急閉時には水撃との両立が必要である。出題例：R05 電力・管理 問1、R03 電力・管理 問6。	essay_power_010	""	""
揚水発電所の系統運用上の役割を説明せよ。	需要の少ない時間帯に電力で揚水し、需要ピーク時に発電することで負荷平準化と経済運用に寄与する。起動が速く出力調整範囲も広いため、ピーク供給力と調整力を提供する。	電力管理論説	電力貯蔵とピーク対応を問う問題で使う。問題文では「揚水、夜間、ピーク、調整力」が手掛かりとなる。答案には「負荷平準化、経済運用、迅速起動」を入れる。揚水時は電力を消費し、発電時とは効率の掛け方が逆になる。出題例：H25 電力・管理 問6。	essay_power_011	""	""
可変速揚水発電方式を採用する主な理由を説明せよ。	回転速度を変化させてポンプ入力を調整できるため、従来困難だった揚水運転中の周波数調整が可能になる。発電時の効率向上、運転可能落差の拡大、系統安定化にも寄与する。	電力管理論説	可変速揚水の利点を問う問題で使う。問題文では「揚水時、入力調整、周波数調整」が手掛かりとなる。答案には「可変速、揚水入力、調整力」を入れる。単に発電出力を可変にする方式という説明で終えない。出題例：H25 電力・管理 問6。	essay_power_012	""	""
水力発電設備の劣化診断で運転履歴を考慮する理由を説明せよ。	水力設備は一品一様で、負荷、運転時間、起動停止回数、水質などにより劣化速度が異なる。点検結果を運転状況と併せて評価し、進展性を判断して修理時期を決める。	電力管理論説	設備診断と保全計画を問う問題で使う。問題文では「運転状況、劣化度、進展性」が手掛かりとなる。答案には「運転履歴、状態把握、修理時期」を入れる。単発の測定値だけで健全性を断定しない。出題例：R07 電力・管理 問1。	essay_power_013	""	""
水車の代表的な非破壊検査三つと検出対象を説明せよ。	磁粉探傷検査は強磁性体表面付近、浸透探傷検査は非多孔質材料の表面開口欠陥、超音波探傷検査は材料内部の欠陥を検出する。欠陥寸法と進展性を追跡して補修判断に用いる。	電力管理論説	水車ランナ等の亀裂診断を問う問題で使う。問題文では「MT、PT、UT、非破壊検査」が手掛かりとなる。答案には「磁粉、浸透、超音波、欠陥進展」を入れる。検査名称と検出できる欠陥位置を対応させる。出題例：R07 電力・管理 問1。	essay_power_014	""	""
水力発電機固定子巻線の絶縁劣化診断法を説明せよ。	絶縁抵抗と成極指数で吸湿・汚損を、誘電正接で誘電損失を、部分放電測定でボイド等の局部欠陥を評価する。運転時のヒートサイクルや課電履歴と傾向管理して総合判定する。	電力管理論説	回転機絶縁の状態診断を問う問題で使う。問題文では「成極指数、誘電正接、部分放電」が手掛かりとなる。答案には「吸湿、誘電損失、ボイド、傾向管理」を入れる。一つの試験値だけで余寿命を決定しない。出題例：R07 電力・管理 問1。	essay_power_015	""	""
水力発電所出力を評価するときの有効落差と効率の扱いを説明せよ。	出力は流量、有効落差、水車効率及び発電機効率で決まる。有効落差には取水位と放水位の標高差から損失落差を差し引いた値を用い、各効率を小数で乗じる。	電力管理論説	水力出力計算の前提を説明する問題で使う。問題文では「流量、有効落差、損失落差、合成効率」が手掛かりとなる。答案には「総落差と有効落差の区別、水車効率、発電機効率」を入れる。放水口標高と水車中心標高を取り違えない。出題例：H30 電力・管理 問1、R04 電力・管理 問1。	essay_power_016	""	""
汽力発電所の復水器の役割と仕組みを説明せよ。	タービン排気蒸気を冷却水と間接接触させて凝縮し、復水として再利用する。排気圧力を真空に近づけてタービンの有効落差を増し、サイクル熱効率を向上させる。	電力管理論説	復水・給水系統の機器を問う問題で使う。問題文では「復水器、真空、凝縮、熱効率」が手掛かりとなる。答案には「排気凝縮、復水再利用、背圧低下」を入れる。単に蒸気を水に戻すだけでなく熱効率への効果を書く。出題例：R06 電力・管理 問1。	essay_power_017	""	""
復水器真空ポンプの役割を説明せよ。	復水器内に漏入又は蒸気から分離した空気などの不凝縮性ガスを系外へ排出し、真空を維持する。真空低下によるタービン背圧上昇と出力・効率低下を防ぐ。	電力管理論説	復水器付属設備の役割を問う問題で使う。問題文では「不凝縮性ガス、真空ポンプ、背圧」が手掛かりとなる。答案には「ガス排出、真空維持、効率低下防止」を入れる。循環水ポンプの冷却水供給と混同しない。出題例：R06 電力・管理 問1。	essay_power_018	""	""
汽力発電所の脱気器の役割と仕組みを説明せよ。	タービン抽気などの蒸気を給水に直接接触させ、給水を飽和温度付近まで加熱して溶存酸素等を分離し大気へ放出する。ボイラと給水系統の腐食を防止する。	電力管理論説	給水処理設備を問う問題で使う。問題文では「脱気器、抽気、溶存酸素、腐食」が手掛かりとなる。答案には「直接接触加熱、ガス分離、腐食防止」を入れる。給水加熱器は主に熱効率向上、脱気器は溶存ガス除去が主目的。出題例：R06 電力・管理 問1。	essay_power_019	""	""
給水加熱器を設置する目的を再生サイクルと関連付けて説明せよ。	タービン途中段から抽気した蒸気でボイラ給水を予熱し、ボイラで必要な加熱量を減らす。低温での受熱を減らして平均受熱温度を高め、再生サイクルの熱効率を向上させる。	電力管理論説	再生サイクルの設備と効果を問う問題で使う。問題文では「抽気、給水加熱器、平均受熱温度」が手掛かりとなる。答案には「給水予熱、ボイラ熱量低減、熱効率向上」を入れる。再熱器の湿り度低減効果と混同しない。出題例：R06 電力・管理 問1、H25 電力・管理 問1。	essay_power_020	""	""
自然循環ボイラで水・蒸気が循環する原理を説明せよ。	火炉で加熱された蒸発管内の汽水混合物と、降水管内の水との密度差によって循環力が生じる。ドラムで蒸気と水を分離し、水を再び降水管・蒸発管へ循環させる。	電力管理論説	ボイラ循環方式の原理を問う問題で使う。問題文では「自然循環、密度差、ドラム、降水管」が手掛かりとなる。答案には「密度差、汽水分離、循環」を入れる。貫流ボイラには汽水分離用ドラムを原則設けない。出題例：H25 電力・管理 問1。	essay_power_021	""	""
過熱器、再熱器及び節炭器の役割をそれぞれ説明せよ。	過熱器は飽和蒸気を過熱し、再熱器はタービン途中段の蒸気を再加熱して熱効率向上と湿り度低減を図る。節炭器は排ガス熱で給水を予熱し、排ガス損失を減らす。	電力管理論説	ボイラ伝熱面の役割を比較する問題で使う。問題文では「過熱器、再熱器、節炭器」が手掛かりとなる。答案には「蒸気過熱、再熱、給水予熱」を入れる。各機器が加熱する流体と設置目的を対応させる。出題例：H25 電力・管理 問1。	essay_power_022	""	""
コンバインドサイクル発電の構成と高効率になる理由を説明せよ。	ガスタービンで発電した後、その高温排ガスを排熱回収ボイラへ導き、発生蒸気で蒸気タービンを駆動する。ガスタービンの排熱を回収して二段階で仕事へ変えるため総合熱効率が高い。	電力管理論説	複合発電方式の原理を問う問題で使う。問題文では「ガスタービン、排熱回収ボイラ、蒸気タービン」が手掛かりとなる。答案には「排熱回収、二段利用、総合熱効率」を入れる。単純ガスタービンサイクルとの違いを明示する。出題例：H29 電力・管理 問1。	essay_power_023	""	""
大気温度上昇でコンバインドサイクル最大出力が低下する理由を説明せよ。	吸気温度上昇で空気密度が低下し、体積流量がほぼ一定の圧縮機を通る空気質量流量が減る。燃料投入量とガスタービン出力が減り、排ガス熱量も減って蒸気タービン出力も低下する。	電力管理論説	ガスタービンの大気温度特性を問う問題で使う。問題文では「吸気温度、空気密度、質量流量、排ガス」が手掛かりとなる。答案には「密度低下、燃料量減少、両タービン出力低下」を入れる。動翼入口温度の上限があるため燃料だけ増やせない。出題例：H29 電力・管理 問1。	essay_power_024	""	""
ガスタービンの夏季出力低下を改善する方法を説明せよ。	圧縮機入口で水噴霧、蒸発冷却器又はチラーを用いて吸気を冷却し、空気密度と質量流量を増加させる。必要に応じて蒸気・水噴射等も用いるが、補機動力と水質を考慮する。	電力管理論説	大気温度上昇対策を問う問題で使う。問題文では「吸気冷却、水噴霧、チラー」が手掛かりとなる。答案には「蒸発潜熱、空気密度、質量流量」を入れる。冷却設備の消費電力を差し引いた正味出力で評価する。出題例：H29 電力・管理 問1。	essay_power_025	""	""
排熱回収ボイラの役割を説明せよ。	ガスタービン排ガスの顕熱を回収して蒸気を発生させ、蒸気タービンへ供給する。燃料を追加せずに排熱を有効利用し、コンバインドサイクルの出力と熱効率を高める。	電力管理論説	コンバインドサイクルの構成機器を問う問題で使う。問題文では「排熱回収ボイラ、排ガス、蒸気」が手掛かりとなる。答案には「排熱回収、蒸気発生、効率向上」を入れる。通常の燃焼ボイラと異なりガスタービン排熱が主熱源。出題例：H29 電力・管理 問1。	essay_power_026	""	""
火力発電所で停電時にもターニング装置を停止できない理由を説明せよ。	停止直後のタービン車室とロータには温度差があり、静止させるとロータが熱曲がりする。低速回転を継続して均一に冷却し、偏心、振動及び再起動時の損傷を防ぐ。	電力管理論説	非常用電源負荷の必要性を問う問題で使う。問題文では「ターニングギア、熱曲がり、低速回転」が手掛かりとなる。答案には「均一冷却、ロータ偏心防止」を入れる。運転中の主軸駆動装置ではなく停止後の保全設備である。出題例：R01 電力・管理 問1。	essay_power_027	""	""
水素冷却発電機で密封油ポンプを非常用電源に接続する理由を説明せよ。	発電機内の冷却用水素が軸封部から漏れないよう、機内圧を下げて水素を抜き終えるまで密封油を供給する必要がある。停止すると水素漏えいによる爆発・火災の危険が生じる。	電力管理論説	所内電源喪失時の重要補機を問う問題で使う。問題文では「水素冷却、密封油ポンプ、軸封」が手掛かりとなる。答案には「密封油継続、水素漏えい防止」を入れる。潤滑油ポンプの軸受保護とは目的を区別する。出題例：R01 電力・管理 問1。	essay_power_028	""	""
大容量タービン発電機に水素冷却を用いる利点を説明せよ。	水素は空気より密度が小さく風損が少なく、熱伝導率と熱伝達性能が高いため冷却性能に優れる。密閉循環すれば高出力密度化できるが、漏えい・爆発防止と純度管理が必要である。	電力管理論説	発電機冷却方式を比較する問題で使う。問題文では「水素冷却、風損、熱伝導率」が手掛かりとなる。答案には「風損低減、冷却性能、高出力密度」を入れる。安全性のため密封油、純度監視、不活性ガス置換が必要。出題例：H27 電力・管理 問1。	essay_power_029	""	""
火力発電所で発生するばいじんの原因と電気集じん機の原理を説明せよ。	燃料中の灰分が燃焼してばいじんとなる。電気集じん機で粒子を帯電させ、電界中の静電気力で集じん極へ移動・付着させ、排ガスから分離捕集する。	電力管理論説	大気汚染物質の原因と対策を問う問題で使う。問題文では「ばいじん、灰分、電気集じん機」が手掛かりとなる。答案には「帯電、静電気力、分離捕集」を入れる。燃焼温度を下げるNOx対策と混同しない。出題例：R03 電力・管理 問1。	essay_power_030	""	""
火力発電所の硫黄酸化物対策を石灰石・石膏法で説明せよ。	燃料中の硫黄分の燃焼で生じるSOxを、石灰石スラリーへ吸収して亜硫酸カルシウムとし、空気酸化して石膏として回収する。これにより排ガス中のSOxを除去する。	電力管理論説	SOxの発生原因と脱硫原理を問う問題で使う。問題文では「硫黄分、石灰石・石膏法、吸収、酸化」が手掛かりとなる。答案には「石灰石スラリー、石膏、排煙脱硫」を入れる。NOxのアンモニア脱硝と反応物を取り違えない。出題例：R03 電力・管理 問1。	essay_power_031	""	""
火力発電所の窒素酸化物の発生原因と低減策を説明せよ。	高温燃焼で空気中窒素からサーマルNOxが、燃料中窒素からフューエルNOxが生じる。低NOxバーナー、二段燃焼、排ガス再循環で生成を抑え、選択接触還元法でアンモニアと反応させ窒素と水に分解する。	電力管理論説	NOxの原因・燃焼改善・脱硝を問う問題で使う。問題文では「高温燃焼、低NOxバーナー、二段燃焼、脱硝」が手掛かりとなる。答案には「生成抑制、選択接触還元、窒素と水」を入れる。SOxの湿式吸収と混同しない。出題例：R03 電力・管理 問1。	essay_power_032	""	""
発電所の所内交流電源喪失時に非常用電源が担う役割を説明せよ。	非常用ディーゼル発電機等から、安全停止、火災・爆発防止、機器損傷防止に必要な補機へ給電する。重要負荷を選別し、起動順序と始動電流を考慮して電源容量を定める。	電力管理論説	所内電源と非常用負荷を問う問題で使う。問題文では「電源喪失、安全停止、重要補機」が手掛かりとなる。答案には「非常用電源、負荷選別、始動順序」を入れる。通常運転用の全補機を無条件にバックアップするものではない。出題例：R01 電力・管理 問1。	essay_power_033	""	""
太陽光発電大量連系で配電線電圧が上昇する理由を説明せよ。	需要家側から変電所側へ有効電力が逆潮流すると、配電線抵抗による電圧変化の向きが通常負荷時と逆になり、連系点電圧が上昇する。出力抑制、力率制御、電圧調整機器等で対処する。	電力管理論説	分散型電源の逆潮流と電圧を問う問題で使う。問題文では「太陽光、逆潮流、連系点電圧」が手掛かりとなる。答案には「有効電力の向き、線路抵抗、電圧上昇」を入れる。受電を正とする符号規約で電流方向を確認する。出題例：R03 電力・管理 問4、R06 電力・管理 問6。	essay_power_034	""	""
発電用風力設備で維持すべき安全要件を四つ説明せよ。	取扱者以外への危険防止、風車・支持工作物の構造安全、過回転又は制御喪失時の自動停止、雷撃防止を維持する。巡視・点検により運用中も技術基準へ適合させる。	電力管理論説	風力設備の保安・構造・制御を問う問題で使う。問題文では「風車、支持物、自動停止、雷保護」が手掛かりとなる。答案には「公衆安全、構造安全、制御喪失、雷撃防止」を入れる。問われた個数に合わせ、設備名だけでなく目的を書く。出題例：R01 電力・管理 問6。	essay_power_035	""	""
需要家に設置する蓄電池の系統上の効果を説明せよ。	需要の少ない時間帯や再エネ余剰時に充電し、ピーク時や需給ひっ迫時に放電する。ピークカット、契約電力低減、非常用電源、再エネ変動緩和及び周波数調整に利用できる。	電力管理論説	電力貯蔵と需要平準化を問う問題で使う。問題文では「蓄電池、充電、放電、ピークカット」が手掛かりとなる。答案には「負荷平準化、非常用、変動緩和」を入れる。充放電効率、容量劣化、SOC制約を考慮する。出題例：H25 電力・管理 問6、R07 電力・管理 問6。	essay_power_036	""	""
再生可能エネルギー大量導入時の需給・送電容量・安定度の課題を説明せよ。	天候で出力が変動し調整力が不足しやすい。需要の少ない地域では送電線・連系線容量が制約となる。また同期発電機の停止で慣性力と同期化力が低下し、事故時の周波数・安定度維持が難しくなる。	電力管理論説	再エネ大量導入の課題を三観点で問う問題で使う。問題文では「出力変動、送電制約、慣性力」が手掛かりとなる。答案には「調整力、系統容量、同期発電機減少」を入れる。単一の電圧問題だけでなく需給・設備・安定度を分けて書く。出題例：R04 電力・管理 問5、R06 電力・管理 問6。	essay_power_037	""	""
分散型電源に事故時運転継続能力（FRT）が必要な理由を説明せよ。	系統事故による瞬時電圧低下や周波数変化で分散型電源が一斉解列すると、需給不均衡が拡大して電圧・周波数維持を困難にする。所定範囲では連系を継続し、事故波及を防ぐ必要がある。	電力管理論説	再エネ連系要件を問う問題で使う。問題文では「瞬時電圧低下、一斉解列、FRT」が手掛かりとなる。答案には「不要解列防止、運転継続、系統安定」を入れる。単独運転を継続する機能ではなく、健全系統への連系継続要件である。出題例：R06 電力・管理 問6。	essay_power_038	""	""
分散型電源の単独運転を防止する目的を説明せよ。	系統電源が停止した区間へ分散型電源だけが給電を続けると、作業員の感電、再閉路時の非同期投入、電圧・周波数逸脱が生じる。受動・能動方式等で検出し、速やかに解列する。	電力管理論説	系統連系保護を問う問題で使う。問題文では「系統停電、単独運転、解列」が手掛かりとなる。答案には「感電防止、非同期再閉路防止、電圧周波数」を入れる。FRTによる事故中の連系継続と目的が逆になる条件を区別する。出題例：R06 電力・管理 問6、R02 電力・管理 問2。	essay_power_039	""	""
変電所母線方式を選定するときの評価項目を説明せよ。	送電線・母線事故時の影響、供給信頼度、点検・増設工事への適応性、系統操作の容易性、必要面積及び建設費を比較する。重要度と将来増設を含めて方式を選ぶ。	電力管理論説	母線結線方式の選定理由を問う問題で使う。問題文では「母線事故、供給信頼度、増設、経済性」が手掛かりとなる。答案には「事故影響、運用性、工事安全、設置面積」を入れる。信頼度だけでなく経済性と運用性も書く。出題例：H30 電力・管理 問2。	essay_power_040	""	""
単母線方式と複母線方式の特徴を比較せよ。	単母線方式は構成が簡単で安価・省スペースだが、母線事故や点検時の停電範囲が大きい。複母線方式は設備・面積・操作が増える一方、母線切替により点検と事故時の供給継続性が高い。	電力管理論説	母線方式の長所・短所を問う問題で使う。問題文では「単母線、複母線、供給信頼度」が手掛かりとなる。答案には「簡素・安価、切替・点検、事故範囲」を入れる。ユニット方式との比較を求められた場合は回線ごとの独立性も書く。出題例：H30 電力・管理 問2。	essay_power_041	""	""
変圧器比率差動リレーが内部故障を検出する原理を説明せよ。	変圧器各側の電流を変流比と結線で補正して比較し、保護区間内部故障で生じる差動電流が抑制電流に応じた動作値を超えると遮断する。外部故障時の大電流では抑制を強める。	電力管理論説	変圧器主保護の選択性を問う問題で使う。問題文では「比率差動、差動電流、抑制電流」が手掛かりとなる。答案には「区間内部故障、外部故障抑制、選択遮断」を入れる。変圧器結線による位相差とCT比を補正して比較する。出題例：R06 電力・管理 問2。	essay_power_042	""	""
変圧器投入時に励磁突入電流が生じる理由を説明せよ。	投入位相と残留磁束の組合せで鉄心磁束が定常値を大きく超え、鉄心が飽和して大きな励磁電流が流れる。内部故障電流ではないが差動電流として現れ、差動リレー誤動作の原因となる。	電力管理論説	差動保護の誤動作原因を問う問題で使う。問題文では「投入位相、残留磁束、磁気飽和、突入電流」が手掛かりとなる。答案には「過渡磁束、鉄心飽和、差動電流」を入れる。負荷突入電流や外部短絡電流とは発生原理が異なる。出題例：R06 電力・管理 問2。	essay_power_043	""	""
第二調波抑制で励磁突入電流による差動リレー誤動作を防ぐ原理を説明せよ。	励磁突入電流に多く含まれる第二調波成分を検出し、その比率が所定値以上なら差動要素の動作を抑制する。内部故障電流との波形差を利用して投入時の誤遮断を防ぐ。	電力管理論説	励磁突入対策を問う問題で使う。問題文では「第二調波、励磁突入、差動リレー」が手掛かりとなる。答案には「高調波含有率、動作抑制、誤遮断防止」を入れる。内部故障と投入突入の判別に用い、常時感度を下げる方式ではない。出題例：R06 電力・管理 問2。	essay_power_044	""	""
励磁突入電流による誤動作を防ぐ時間的対策を二つ答えよ。	変圧器投入後の一定時間だけ差動リレー感度を低下させる方法と、一定時間トリップ回路をロックする方法がある。投入信号と連動し、必要時間を超えて保護を無効にしない。	電力管理論説	第二調波以外の突入電流対策を問う問題で使う。問題文では「一定時間、感度低下、トリップロック」が手掛かりとなる。答案には「投入連動、時限、保護復帰」を入れる。長すぎるロックは投入直後の真の内部故障を見逃す。出題例：R06 電力・管理 問2。	essay_power_045	""	""
ブッフホルツリレーの動作原理を説明せよ。	油入変圧器のタンクとコンサベータ間に設置し、軽微な内部故障では油の分解ガス蓄積を、重大故障では急激な油流を検出して警報又はトリップする。	電力管理論説	油入変圧器の機械式保護を問う問題で使う。問題文では「内部故障、分解ガス、油流」が手掛かりとなる。答案には「ガス蓄積、油流、警報・トリップ」を入れる。電流を比較する比率差動リレーとは検出量が異なる。出題例：R06 電力・管理 問2。	essay_power_046	""	""
衝撃圧力リレーとガス検出リレーの動作原理を説明せよ。	衝撃圧力リレーは内部故障で生じる急激なガス圧又は油圧上昇を検出する。ガス検出リレーは分解ガスが一定量蓄積して油面が低下したことを検出する。	電力管理論説	変圧器機械式リレーを比較する問題で使う。問題文では「衝撃圧力、ガス蓄積、油面低下」が手掛かりとなる。答案には「圧力上昇、ガス量、油面」を入れる。各リレーの検出量を取り違えない。出題例：R06 電力・管理 問2。	essay_power_047	""	""
油入変圧器の放圧装置の目的を説明せよ。	内部故障でタンク内圧が異常上昇したときに圧力を外部へ逃がし、タンクの変形・破裂と油噴出の拡大を防ぐ。保護リレーとは異なり、圧力を機械的に解放する安全装置である。	電力管理論説	変圧器内部故障時の機械的保護を問う問題で使う。問題文では「内部圧力、放圧、タンク破壊」が手掛かりとなる。答案には「圧力解放、破裂防止、安全装置」を入れる。故障区間を選択遮断する電気式リレーとは役割が異なる。出題例：R06 電力・管理 問2。	essay_power_048	""	""
地震時に変圧器機械式リレーの誤動作を防ぐ方法を二つ説明せよ。	第一に機械式リレーを単独トリップではなく警報に用い、複数情報で停止を判断する。第二に耐震構造の接点又は自動復帰形放圧装置を採用し、振動による接点保持を防ぐ。	電力管理論説	地震による保護誤動作対策を問う問題で使う。問題文では「地震、機械式リレー、組合せ判断」が手掛かりとなる。答案には「警報運用、複数判定、耐震接点」を入れる。誤動作防止と真の内部故障検出を両立させる。出題例：R06 電力・管理 問2。	essay_power_049	""	""
油中ガス分析で過熱異常を診断する着目点を説明せよ。	過熱ではエチレンとエタンが特徴的で、高温過熱ではエチレン、低温過熱ではエタンが相対的に多い。ガス量、組成比及び増加傾向から温度レベルと過熱部位を推定する。	電力管理論説	変圧器油中ガス分析を問う問題で使う。問題文では「エチレン、エタン、高温過熱、低温過熱」が手掛かりとなる。答案には「ガス組成比、増加傾向、過熱部位」を入れる。単回値ではなく発生速度と履歴を含めて判定する。出題例：H28 電力・管理 問2。	essay_power_050	""	""
油中ガス分析で放電異常を診断する着目点を説明せよ。	アーク等の高温放電ではアセチレンが、部分放電では水素が増加しやすい。特にアセチレンは微量でも内部異常の可能性を重視し、他ガスとの組成比と増加傾向で様相を判断する。	電力管理論説	放電と過熱の識別を問う問題で使う。問題文では「アセチレン、水素、アーク、部分放電」が手掛かりとなる。答案には「特徴ガス、組成比、増加傾向」を入れる。経年劣化でも水素が出るため単一ガスだけで断定しない。出題例：H28 電力・管理 問2。	essay_power_051	""	""
油中ガス分析後に総合診断が必要な理由を説明せよ。	ガス分析だけでは異常部位や緊急度を一意に決められないため、負荷・温度履歴、絶縁試験、部分放電、電気特性、過去傾向を照合する。運転継続、監視強化、停止点検等の処置を総合判断する。	電力管理論説	劣化診断から処置決定までを問う問題で使う。問題文では「油中ガス、傾向管理、総合診断」が手掛かりとなる。答案には「複数診断、緊急度、処置決定」を入れる。特徴ガス検出だけで直ちに廃止としない。出題例：H28 電力・管理 問2。	essay_power_052	""	""
遮断器の通常時と事故時の役割を説明せよ。	通常時は負荷電流を安全に開閉して回路を運用し、短絡・地絡時は保護リレーの指令で大きな故障電流を遮断して事故区間を切り離す。定格電圧、電流、遮断電流、遮断時間を満たす必要がある。	電力管理論説	遮断器の機能と定格を問う問題で使う。問題文では「負荷電流、故障電流、事故区間」が手掛かりとなる。答案には「通常開閉、故障遮断、保護リレー連動」を入れる。断路器は原則として負荷・故障電流を遮断しない。出題例：R02 電力・管理 問2。	essay_power_053	""	""
遮断器の引外し自由（トリップフリー）機能を説明せよ。	投入指令と引外し指令が同時に与えられても、投入機構の状態に拘わらず開放動作を優先する機能である。事故回路への投入保持や投入・開放の反復を防ぎ、遮断器と系統を保護する。	電力管理論説	遮断器操作機構の安全機能を問う問題で使う。問題文では「引外しコイル、投入、トリップフリー」が手掛かりとなる。答案には「開放優先、再投入防止、機器保護」を入れる。単なる操作ロックではなく引外しを自由に完遂する機能。出題例：R02 電力・管理 問2。	essay_power_054	""	""
GISでSF6ガス密度を監視する理由を説明せよ。	SF6ガス密度が低下すると絶縁破壊電圧と遮断性能が低下するため、密度計で規定密度を維持していることを監視する。温度による圧力変化を補償した密度で判定する。	電力管理論説	GISの設備診断項目を問う問題で使う。問題文では「SF6、ガス密度、絶縁破壊電圧」が手掛かりとなる。答案には「密度監視、絶縁性能、温度補償」を入れる。圧力値だけで漏えいを断定しない。出題例：R06 電力・管理 問5、H29 電力・管理 問6。	essay_power_055	""	""
GISでSF6ガス中水分量を管理する理由を説明せよ。	水分が多いと温度低下時に絶縁物表面へ結露し、沿面絶縁破壊電圧を低下させる。露点計等で規定値以下を確認し、乾燥・真空引き・ガス処理を適切に行う。	電力管理論説	GISガス管理を問う問題で使う。問題文では「水分、結露、沿面絶縁、露点」が手掛かりとなる。答案には「水分量、露点、沿面耐力低下」を入れる。ガス純度低下と水分結露の現象を区別する。出題例：R06 電力・管理 問5。	essay_power_056	""	""
GISで分解ガスと金属異物を診断する理由を説明せよ。	アークや部分放電で生じるSF6分解ガス・生成物は絶縁物を劣化させる。金属異物は電界を局部集中させ耐電圧を低下させるため、ガス分析、部分放電及び振動測定で異常を検出する。	電力管理論説	GIS内部異常の診断を問う問題で使う。問題文では「分解ガス、部分放電、金属異物、不平等電界」が手掛かりとなる。答案には「絶縁劣化、電界集中、診断」を入れる。分解ガス検出は原因ではなく放電の結果である。出題例：R06 電力・管理 問5、H29 電力・管理 問6。	essay_power_057	""	""
SF6ガスを回収・再利用する必要性を説明せよ。	SF6は絶縁・消弧性能に優れるが地球温暖化係数が非常に大きい。点検・廃止時に大気放出せず回収し、再利用又は再精製してクローズドサイクル化する。	電力管理論説	GISの環境対策を問う問題で使う。問題文では「SF6、温室効果、回収、再利用」が手掛かりとなる。答案には「大気放出防止、再精製、クローズドサイクル」を入れる。毒性対策だけを理由にせず温暖化影響を明記する。出題例：R06 電力・管理 問5。	essay_power_058	""	""
酸化亜鉛形避雷器が雷サージから機器を保護する原理を説明せよ。	ZnO素子の高い非直線抵抗特性により、常時電圧では微小電流、過電圧時には大電流を流して端子電圧を制限する。サージ電流を大地へ放流し、機器端子電圧を絶縁耐力以下に抑える。	電力管理論説	ギャップレス避雷器の保護原理を問う問題で使う。問題文では「ZnO、非直線抵抗、制限電圧」が手掛かりとなる。答案には「過電圧抑制、サージ放流、絶縁協調」を入れる。避雷器は被保護機器に近く、接地線を短く低インピーダンスにする。出題例：R04 電力・管理 問2、R03 電力・管理 問2。	essay_power_059	""	""
酸化亜鉛形避雷器を被保護機器の近くに設置する理由を説明せよ。	避雷器から機器までの距離が長いと、進行波の反射と接続線インダクタンスによって機器端子電圧が避雷器制限電圧より高くなる。線路引込口や変圧器近傍へ設置し、接地線も短くする。	電力管理論説	避雷器の配置と絶縁協調を問う問題で使う。問題文では「被保護機器、距離、制限電圧、接地線」が手掛かりとなる。答案には「近接配置、低インピーダンス接地、端子電圧」を入れる。避雷器定格だけでなく配置による保護距離を考慮する。出題例：R04 電力・管理 問2。	essay_power_060	""	""
架空送電線と地中送電線の特徴を三つの観点で比較せよ。	架空線は建設費が低く事故点発見と復旧が容易だが、雷・風雪の影響を受け景観や用地の制約が大きい。地中線は外乱と景観面で有利だが、建設費と充電電流が大きく、事故点発見と復旧に時間を要する。	電力管理論説	送電方式の比較を問う問題で使う。問題文では「架空、地中、建設費、事故復旧」が手掛かりとなる。答案には「外乱、充電電流、用地、復旧時間」を入れる。利点だけでなく同じ評価軸で長短を対比する。出題例：H30 電力・管理 問4。	essay_power_061	""	""
多導体送電線で電流容量が増加する理由を説明せよ。	相導体を複数の素導体へ分けると表面積と放熱面積が増え、同じ合計断面積でも温度上昇を抑えやすい。また表皮効果が軽減され交流抵抗が小さくなるため、許容電流を大きくできる。	電力管理論説	多導体の利点を理由付きで問う問題で使う。問題文では「多導体、電流容量、放熱、表皮効果」が手掛かりとなる。答案には「放熱面積、交流抵抗、許容温度」を入れる。単に断面積が増えるためとは答えない。出題例：R05 電力・管理 問2。	essay_power_062	""	""
多導体送電線でコロナが抑制される理由を説明せよ。	素導体を間隔を置いて配置すると相導体の等価半径が大きくなり、導体表面の最大電位傾度が低下する。その結果、コロナ開始電圧が上昇し、コロナ損、雑音及び騒音が減少する。	電力管理論説	多導体とコロナの関係を問う問題で使う。問題文では「等価半径、電位傾度、コロナ開始電圧」が手掛かりとなる。答案には「表面電界低下、コロナ損、雑音」を入れる。素導体一本の半径ではなく相全体の等価半径に着目する。出題例：R05 電力・管理 問2。	essay_power_063	""	""
多導体送電線で固有送電容量が増加する理由を説明せよ。	多導体化によりインダクタンスが減少し、静電容量が増加するためサージインピーダンスが低下する。固有送電容量は電圧の二乗をサージインピーダンスで除した値なので増加する。	電力管理論説	多導体と固有送電容量を問う問題で使う。問題文では「インダクタンス、静電容量、サージインピーダンス」が手掛かりとなる。答案には「サージインピーダンス低下、固有送電容量増加」を入れる。熱的送電容量と固有送電容量を混同しない。出題例：R05 電力・管理 問2。	essay_power_064	""	""
多導体送電線で安定度が向上する理由を説明せよ。	多導体化により送電線のインダクタンス、したがってリアクタンスが小さくなる。最大送電電力がリアクタンスに反比例して増えるため、定態安定度及び過渡安定度の余裕が増す。	電力管理論説	多導体の安定度効果を問う問題で使う。問題文では「リアクタンス、最大送電電力、安定度」が手掛かりとなる。答案には「線路リアクタンス低下、送電限界増加」を入れる。電流容量増加とは別の電気的効果として説明する。出題例：R05 電力・管理 問2。	essay_power_065	""	""
表皮効果が交流抵抗を増加させる原理を説明せよ。	交流電流が作る交番磁束により導体内部ほど電流を妨げる誘導起電力が大きくなり、電流が表面付近へ偏る。有効断面積が減少するため、直流抵抗より交流抵抗が大きくなる。	電力管理論説	交流送電線の抵抗特性を問う問題で使う。問題文では「交流、電流分布、導体表面、有効断面積」が手掛かりとなる。答案には「表面集中、交流抵抗増加、周波数」を入れる。近接効果と原因を取り違えない。出題例：R05 電力・管理 問2。	essay_power_066	""	""
架空地線が送電線の雷害を軽減する仕組みを説明せよ。	架空地線が相導体への直撃雷を遮へいし、雷電流を鉄塔から大地へ流す。また相導体に結合する誘導電圧を抑え、がいし連の逆フラッシオーバ発生確率を低下させる。	電力管理論説	架空送電線の雷害対策を問う問題で使う。問題文では「架空地線、遮へい、鉄塔、逆フラッシオーバ」が手掛かりとなる。答案には「直撃雷遮へい、接地、誘導電圧抑制」を入れる。鉄塔接地抵抗の低減と組み合わせて説明する。出題例：R03 電力・管理 問2。	essay_power_067	""	""
送電線をねん架する目的を説明せよ。	各相導体の幾何学的配置を区間ごとに入れ替え、全線で各相のインダクタンスと静電容量を平均化する。三相の電圧・電流不平衡を小さくし、隣接通信線への電磁誘導障害も軽減する。	電力管理論説	ねん架の目的を問う問題で使う。問題文では「相配置、インダクタンス、静電容量、不平衡」が手掛かりとなる。答案には「相定数平均化、誘導障害軽減」を入れる。相順を変更する設備ではなく各相の位置を交代させる。出題例：R02 電力・管理 問5。	essay_power_068	""	""
送電線から通信線に生じる常時誘導電圧を説明せよ。	平常時の送電電流による電磁誘導と対地電圧による静電誘導で通信線に生じる電圧である。三相不平衡、線路の近接・並行距離及び接地条件に左右され、保守者への危険や通信障害を生じ得る。	電力管理論説	電磁誘導障害の電圧区分を問う問題で使う。問題文では「常時、電磁誘導、静電誘導、不平衡」が手掛かりとなる。答案には「平常運転、並行長、接地条件」を入れる。事故時に短時間現れる異常時誘導電圧と区別する。出題例：R02 電力・管理 問5。	essay_power_069	""	""
送電線事故時に通信線へ生じる異常時誘導電圧を説明せよ。	地絡事故の大きな零相電流が大地帰路を流れ、その磁束と接地電位上昇により通信線へ短時間の高電圧を誘導する。人身安全と通信設備絶縁の観点から、予測最大値を制限する必要がある。	電力管理論説	事故時の電磁誘導障害を問う問題で使う。問題文では「地絡、零相電流、大地帰路、接地電位上昇」が手掛かりとなる。答案には「異常時誘導電圧、人身安全、絶縁保護」を入れる。常時誘導電圧より継続時間は短いが値が大きい。出題例：R02 電力・管理 問5。	essay_power_070	""	""
送電線が通信回線へ生じさせる誘導雑音電圧を説明せよ。	送電電圧・電流に含まれる高調波やコロナ雑音が静電・電磁結合して通信線へ侵入し、通話や信号に雑音を生じさせる電圧である。通信回線の雑音評価は周波数による聴感補正も考慮する。	電力管理論説	電磁誘導障害の雑音を問う問題で使う。問題文では「高調波、コロナ、静電結合、電磁結合」が手掛かりとなる。答案には「誘導雑音、通信品質、聴感補正」を入れる。感電危険を主眼とする誘導電圧とは評価目的が異なる。出題例：R02 電力・管理 問5。	essay_power_071	""	""
送電線による通信線の電磁誘導障害を軽減する対策を三つ答えよ。	第一に送電線をねん架して相互誘導を平衡させる。第二に遮へい線又は良好に接地した金属シースを設ける。第三に両線路の離隔を増し、並行区間を短くする。	電力管理論説	誘導障害の対策列挙を問う問題で使う。問題文では「ねん架、遮へい、離隔、並行区間」が手掛かりとなる。答案には「相定数平衡、遮へい係数、結合低減」を入れる。対策を三つに限定し、それぞれの作用を短く添える。出題例：R02 電力・管理 問5。	essay_power_072	""	""
CVケーブルに水トリーが発生・進展する仕組みを説明せよ。	絶縁体中の微小欠陥へ水分が侵入し、交流電界が長時間加わると樹枝状の劣化部が形成・進展する。絶縁厚を貫通すると電気トリーへ移行し、最終的に絶縁破壊へ至る。	電力管理論説	CVケーブルの絶縁劣化を問う問題で使う。問題文では「水分、交流電界、樹枝状、絶縁破壊」が手掛かりとなる。答案には「微小欠陥、水トリー進展、電気トリー」を入れる。外導水トリーと内導水トリーの起点を混同しない。出題例：R03 電力・管理 問5、H27 電力・管理 問6。	essay_power_073	""	""
CVケーブルの水トリー劣化を診断する損失電流法を説明せよ。	課電電圧に対する損失電流を測定し、水トリーの非線形導電特性によって生じる波形ひずみや高調波成分から劣化を判定する。活線診断にも適用でき、健全時との傾向比較が重要である。	電力管理論説	水トリー診断法を問う問題で使う。問題文では「損失電流、非線形、高調波、波形ひずみ」が手掛かりとなる。答案には「活線診断、劣化判定、傾向管理」を入れる。単なる漏れ電流の大きさだけで評価しない。出題例：R03 電力・管理 問5。	essay_power_074	""	""
CVケーブルの残留電荷法を説明せよ。	直流課電で水トリー部に電荷を蓄積させ、接地後に交流電圧を印加して放出される残留電荷を測定する。放出電荷量や電圧特性から水トリー劣化の程度を判定する。	電力管理論説	水トリーの停止診断を問う問題で使う。問題文では「直流課電、残留電荷、交流課電、水トリー」が手掛かりとなる。答案には「蓄積、放出、電荷量」を入れる。損失電流法の高調波測定と取り違えない。出題例：R03 電力・管理 問5。	essay_power_075	""	""
ケーブル事故点をマーレーループ法で測定する原理を説明せよ。	健全線と事故線を遠端で接続してホイートストンブリッジを構成し、平衡時の抵抗比から事故点までの導体長を求める。導体抵抗が長さに比例することを利用する低抵抗事故向けの方法である。	電力管理論説	ケーブル事故点標定を問う問題で使う。問題文では「健全線、事故線、ブリッジ、抵抗比」が手掛かりとなる。答案には「遠端接続、平衡条件、事故点距離」を入れる。断線事故や高抵抗地絡には適用条件を確認する。出題例：R03 電力・管理 問5。	essay_power_076	""	""
ケーブル事故点をパルスレーダ法で測定する原理を説明せよ。	ケーブルへ高周波パルスを送り、事故点でインピーダンスが変化して生じる反射波の往復時間を測る。ケーブル内の伝搬速度を用いて事故点までの距離を算出する。	電力管理論説	事故点測定法の原理を問う問題で使う。問題文では「パルス、反射波、往復時間、伝搬速度」が手掛かりとなる。答案には「インピーダンス不連続、距離標定」を入れる。反射の極性は開放・短絡で異なる。出題例：R03 電力・管理 問5。	essay_power_077	""	""
無負荷長距離線でフェランチ効果が生じる理由を説明せよ。	線路の分布静電容量による進み充電電流が線路リアクタンスを流れ、送電端から受電端へ向かう電圧降下が負となる。そのため軽負荷又は無負荷では受電端電圧が送電端電圧より高くなる。	電力管理論説	長距離送電線の軽負荷電圧を問う問題で使う。問題文では「無負荷、充電電流、分布静電容量、受電端電圧」が手掛かりとなる。答案には「進み電流、負の電圧降下、電圧上昇」を入れる。負荷電流による通常の電圧降下と向きを区別する。出題例：H30 電力・管理 問4。	essay_power_078	""	""
軽負荷時の充電電流と電圧上昇を抑える分路リアクトルの働きを説明せよ。	分路リアクトルが遅れ無効電力を吸収し、送電線や地中ケーブルの分布静電容量が供給する進み無効電力を相殺する。充電電流とフェランチ効果を抑え、端子電圧を適正に保つ。	電力管理論説	長距離線の電圧対策を問う問題で使う。問題文では「分路リアクトル、充電電流、進み無効電力」が手掛かりとなる。答案には「遅れ無効電力吸収、フェランチ効果抑制」を入れる。直列リアクトルや直列コンデンサと用途を混同しない。出題例：R06 電力・管理 問6、H30 電力・管理 問4。	essay_power_079	""	""
進行波が線路終端で反射する条件を説明せよ。	終端インピーダンスと線路のサージインピーダンスが異なると電圧・電流の進行波が反射する。開放端では電圧反射係数が正、短絡端では負となり、整合時は反射しない。	電力管理論説	雷サージの進行波現象を問う問題で使う。問題文では「サージインピーダンス、終端、反射係数」が手掛かりとなる。答案には「開放端、短絡端、整合」を入れる。電圧反射係数と電流反射係数の符号を取り違えない。出題例：R03 電力・管理 問2。	essay_power_080	""	""
地中線事故の復旧に時間を要する理由を三つ答えよ。	事故点の発見・標定が難しいこと、道路掘削や管路・洞道内作業が必要なこと、損傷ケーブルの切断接続と絶縁試験に時間を要することである。予備線や迂回融通を含む復旧計画が必要となる。	電力管理論説	架空線との事故復旧比較を問う問題で使う。問題文では「事故点標定、掘削、接続、絶縁試験」が手掛かりとなる。答案には「復旧時間、予備線、迂回融通」を入れる。地中線は事故率が低いことと復旧時間が長いことを両方押さえる。出題例：H30 電力・管理 問4。	essay_power_081	""	""
架空送電線の電線太さを選定する電気的要因を三つ答えよ。	許容電流による温度上昇、電圧降下・電力損失、コロナ開始電圧・ラジオ障害の三つを考慮する。これらを機械的強度・経済性と総合して導体断面積を決める。	電力管理論説	電線選定条件を問う問題で使う。問題文では「許容電流、電圧降下、損失、コロナ」が手掛かりとなる。答案には「温度上昇、送電品質、経済性」を入れる。電気的要因三つと機械的要因を混在させない。出題例：H26 電力・管理 問3。	essay_power_082	""	""
架空送電線の弛度を決める主な要因と設計上の注意を説明せよ。	弛度は径間、単位長さ当たり荷重及び水平張力で決まり、径間と荷重が増すほど大きく、張力が増すほど小さい。温度、着氷雪、風圧を考慮し、地上高と機械的強度の双方を満たす。	電力管理論説	弛度計算の技術的意味を問う問題で使う。問題文では「径間、荷重、水平張力、温度」が手掛かりとなる。答案には「地上高、許容張力、気象条件」を入れる。弛度を小さくし過ぎると張力が過大になる。出題例：H28 電力・管理 問3。	essay_power_083	""	""
電力系統の定態安定度と過渡安定度の違いを説明せよ。	定態安定度は小さく緩やかな負荷変動後に同期運転を維持する能力であり、過渡安定度は短絡・線路開放など大じょう乱後に同期を保つ能力である。前者は微小変動、後者は大きな非線形動揺を対象とする。	電力管理論説	安定度の分類を問う問題で使う。問題文では「微小変動、大じょう乱、同期運転」が手掛かりとなる。答案には「定態安定度、過渡安定度、動揺」を入れる。電圧安定性や周波数安定性と混同しない。出題例：R05 電力・管理 問3、H29 電力・管理 問2。	essay_power_084	""	""
等面積法で過渡安定度を判定する原理を説明せよ。	事故中に機械入力が電気出力を上回る加速面積と、事故除去後に電気出力が機械入力を上回る減速面積を比較する。最初の振り戻し点までに減速面積が加速面積以上なら同期を維持できる。	電力管理論説	一機無限大母線系統の安定度判定を問う問題で使う。問題文では「加速面積、減速面積、電力相差角曲線」が手掛かりとなる。答案には「加速エネルギー、減速エネルギー、臨界除去角」を入れる。面積は電力と相差角の積であり時間面積ではない。出題例：R05 電力・管理 問3。	essay_power_085	""	""
高速遮断が過渡安定度を向上させる理由を説明せよ。	故障除去時間を短縮すると、故障中に発電機へ蓄積される加速エネルギーと相差角の増加が小さくなる。そのため事故除去後に必要な減速エネルギーが減り、脱調を防ぎやすくなる。	電力管理論説	安定度向上対策の原理を問う問題で使う。問題文では「故障除去時間、加速エネルギー、相差角」が手掛かりとなる。答案には「高速保護、高速遮断、脱調防止」を入れる。遮断器の遮断時間だけでなくリレー検出時間も含める。出題例：H29 電力・管理 問2。	essay_power_086	""	""
高速再閉路が過渡安定度を向上させる理由と留意点を説明せよ。	一時故障を高速に除去して送電線を早期復旧すると、事故後の伝送リアクタンスが小さくなり減速電力が増す。ただし故障消滅時間、無電圧時間、再閉路時の位相差及び再発事故を考慮する。	電力管理論説	再閉路による安定度向上を問う問題で使う。問題文では「一時故障、送電線復旧、減速電力、無電圧時間」が手掛かりとなる。答案には「高速再閉路、位相差、再発事故」を入れる。永久故障へ無条件に再閉路すると事故を再投入する。出題例：H29 電力・管理 問2。	essay_power_087	""	""
直列コンデンサが送電系統の安定度を向上させる理由を説明せよ。	線路リアクタンスの一部を容量性リアクタンスで補償し、送電路の合成リアクタンスを小さくする。最大送電電力と事故除去後の減速電力が増えるため安定度が向上するが、過補償や軸ねじれ共振に注意する。	電力管理論説	直列補償の安定度効果を問う問題で使う。問題文では「直列コンデンサ、線路リアクタンス、最大送電電力」が手掛かりとなる。答案には「リアクタンス補償、減速エネルギー、共振」を入れる。分路コンデンサの電圧維持効果と区別する。出題例：H29 電力・管理 問2。	essay_power_088	""	""
PSSが電力動揺を抑制する原理を説明せよ。	電力系統安定化装置（PSS）は回転速度偏差や電力偏差を入力し、励磁系へ動揺と同相の制動トルクを生じる補助信号を与える。低周波電力動揺を減衰させ、小擾乱安定度を向上させる。	電力管理論説	励磁制御による動揺抑制を問う問題で使う。問題文では「PSS、速度偏差、励磁系、制動トルク」が手掛かりとなる。答案には「低周波動揺、位相補償、減衰」を入れる。電圧偏差だけを調整するAVRの基本機能と区別する。出題例：H29 電力・管理 問2。	essay_power_089	""	""
高速励磁制御が過渡安定度を向上させる原理と留意点を説明せよ。	事故除去後に界磁電流を急速に増して内部電圧を高めると、発電機電気出力と減速エネルギーが増える。一方、過大な励磁や制御利得は電圧上昇や動揺減衰悪化を招くため、リミッタとPSSを協調させる。	電力管理論説	励磁系の安定度対策を問う問題で使う。問題文では「高速励磁、内部電圧、減速電力、PSS」が手掛かりとなる。答案には「AVR、界磁電流、リミッタ」を入れる。強制励磁の速さだけでなく安定化信号との協調を述べる。出題例：H29 電力・管理 問2。	essay_power_090	""	""
系統分離によって広域停電を防ぐ考え方を説明せよ。	大きな電力動揺や周波数・位相差を検出したとき、連系線を選択遮断して系統を安定な島へ分け、事故波及を止める。各島内の需給不平衡を負荷遮断や発電制御で速やかに調整する。	電力管理論説	事故波及防止リレーを問う問題で使う。問題文では「系統分離、連系線、位相差、需給不平衡」が手掛かりとなる。答案には「選択遮断、島系統、広域停電防止」を入れる。分離するだけでは周波数維持できず島内需給調整が必要。出題例：H29 電力・管理 問2。	essay_power_091	""	""
電力不足時に系統周波数が低下する理由を説明せよ。	負荷電力が発電機の機械入力を上回ると、不足分を回転体の運動エネルギーから供給するため発電機が減速する。同期速度の低下が系統周波数の低下として現れる。	電力管理論説	需給不平衡と周波数の関係を問う問題で使う。問題文では「発電不足、運動エネルギー、減速、周波数」が手掛かりとなる。答案には「需給平衡、慣性、回転速度」を入れる。無効電力不足は主に電圧低下として現れる。出題例：R05 電力・管理 問6、R03 電力・管理 問6。	essay_power_092	""	""
発電機の慣性が周波数低下を抑える仕組みを説明せよ。	需給不平衡直後は同期機の回転体が持つ運動エネルギーを放出して不足電力を一時的に補う。慣性が大きいほど周波数変化率が小さくなり、ガバナや負荷遮断が動作する時間を確保できる。	電力管理論説	再エネ大量導入時の周波数課題を問う問題で使う。問題文では「慣性、運動エネルギー、周波数変化率」が手掛かりとなる。答案には「初期周波数応答、RoCoF、時間確保」を入れる。慣性応答は定常的な発電余力ではない。出題例：R04 電力・管理 問5、R05 電力・管理 問6。	essay_power_093	""	""
ガバナフリー運転による一次周波数調整を説明せよ。	調速機が周波数偏差を検出し、周波数低下時には原動機入力を増加、上昇時には減少させる。速度調定率に従い各発電機が自律分担して、事故直後の周波数偏差を抑える。	電力管理論説	周波数制御の初期応答を問う問題で使う。問題文では「ガバナフリー、周波数偏差、速度調定率」が手掛かりとなる。答案には「原動機入力、一次調整、自律分担」を入れる。周波数を定格値へ完全復帰させる二次調整とは異なる。出題例：R05 電力・管理 問6、R03 電力・管理 問6。	essay_power_094	""	""
速度調定率が小さい発電機ほど負荷変化を多く分担する理由を説明せよ。	速度調定率は出力変化に対する周波数変化の割合を表す。同じ周波数偏差に対し、調定率が小さい発電機ほど大きな出力変化を指令されるため、負荷増分を多く分担する。	電力管理論説	並列発電機の周波数応答を問う問題で使う。問題文では「速度調定率、周波数偏差、出力分担」が手掛かりとなる。答案には「調定率反比例、ガバナ特性、負荷分担」を入れる。調定率ゼロの等時性制御を多数機で並列運転しない。出題例：R03 電力・管理 問6。	essay_power_095	""	""
負荷周波数制御の目的を説明せよ。	中央給電指令所が系統周波数偏差と連系線潮流偏差から地域要求量を求め、調整用発電機の出力指令を変更する。一次調整後に残る偏差を解消し、周波数と連系線潮流を計画値へ戻す。	電力管理論説	二次周波数調整を問う問題で使う。問題文では「負荷周波数制御、地域要求量、連系線潮流」が手掛かりとなる。答案には「二次調整、周波数復帰、計画潮流」を入れる。ガバナフリーの自律応答と時間領域を区別する。出題例：R05 電力・管理 問6。	essay_power_096	""	""
不足周波数リレーによる負荷遮断の目的と動作を説明せよ。	不足周波数リレー（UFR）が所定の周波数低下と継続時間を検出し、優先度の低い負荷を段階的に遮断する。発電不足を縮小して周波数崩壊と発電機連鎖脱落を防ぐ。	電力管理論説	大規模電源脱落時の保護を問う問題で使う。問題文では「UFR、周波数低下、段階負荷遮断」が手掛かりとなる。答案には「需給不平衡縮小、周波数崩壊防止」を入れる。瞬時の小変動で不要動作しない時限と段階設定が必要。出題例：R05 電力・管理 問6。	essay_power_097	""	""
無効電力不足が系統電圧を低下させる理由を説明せよ。	負荷や線路が必要とする無効電力を遠方から送ると電流とリアクタンス電圧降下が増大する。局所的な無効電力供給が不足すると母線電圧が低下し、さらに負荷電流が増えて電圧不安定へ進むことがある。	電力管理論説	無効電力と電圧の関係を問う問題で使う。問題文では「無効電力不足、リアクタンス、電圧降下」が手掛かりとなる。答案には「局所供給、電圧維持、電圧安定性」を入れる。有効電力と周波数の関係と対で整理する。出題例：R04 電力・管理 問3、R06 電力・管理 問6。	essay_power_098	""	""
電力用コンデンサが系統電圧を上昇させる仕組みを説明せよ。	電力用コンデンサが進み無効電力を負荷近傍で供給し、上位系統から流れる遅れ無効電流を減らす。線路リアクタンスによる電圧降下と損失が減少し、受電端電圧が上昇する。	電力管理論説	調相設備の選定を問う問題で使う。問題文では「進み無効電力、無効電流、電圧降下」が手掛かりとなる。答案には「力率改善、電圧上昇、損失低減」を入れる。軽負荷時の過電圧と高調波共振に注意する。出題例：R04 電力・管理 問3、H29 電力・管理 問3。	essay_power_099	""	""
SVCが無効電力を高速制御する原理を説明せよ。	静止形無効電力補償装置（SVC）はサイリスタ制御リアクトルと投入コンデンサ等のサセプタンスを制御し、進み又は遅れ無効電力を連続的に調整する。母線電圧変動とフリッカを高速に抑える。	電力管理論説	静止形調相設備を問う問題で使う。問題文では「SVC、サイリスタ制御リアクトル、サセプタンス」が手掛かりとなる。答案には「無効電力制御、電圧維持、フリッカ」を入れる。出力無効電力は母線電圧の二乗に影響される。出題例：H27 電力・管理 問2。	essay_power_100	""	""
STATCOMが低電圧時にも無効電力を供給しやすい理由を説明せよ。	STATCOMは電圧形変換器の出力電圧と系統電圧の差で無効電流を制御する。電流限度までは母線電圧が低下してもほぼ定電流で無効電力を供給でき、SVCより低電圧時の電圧支持性能が高い。	電力管理論説	SVCとSTATCOMの比較を問う問題で使う。問題文では「STATCOM、電圧形変換器、無効電流、低電圧」が手掛かりとなる。答案には「定電流特性、高速応答、電圧支持」を入れる。無効電力自体は電圧低下に伴い減るが電流維持が利点。出題例：H27 電力・管理 問2。	essay_power_101	""	""
同期調相機の特徴を静止形調相設備と比較して説明せよ。	同期調相機は無負荷同期電動機の界磁を調整して進み・遅れ無効電力を連続供給し、回転体の慣性と短絡容量も系統へ与える。一方、損失、保守及び設置面積は静止形設備より大きい。	電力管理論説	無効電力補償設備の比較を問う問題で使う。問題文では「同期調相機、界磁、慣性、短絡容量」が手掛かりとなる。答案には「連続調整、系統強度、保守」を入れる。進相コンデンサの段階制御だけと同一視しない。出題例：R06 電力・管理 問6。	essay_power_102	""	""
分散型電源のFRT機能の目的を説明せよ。	事故時の一時的な電圧・周波数低下でも、規定範囲内なら分散型電源が運転を継続する機能である。多数電源の一斉解列による需給悪化と電圧・周波数の連鎖的低下を防ぐ。	電力管理論説	再エネ大量連系時の系統要件を問う問題で使う。問題文では「FRT、運転継続、一斉解列、事故時」が手掛かりとなる。答案には「Fault Ride Through、事故波及防止、連系要件」を入れる。単独運転を継続する機能ではなく系統事故を乗り越える機能。出題例：R04 電力・管理 問5。	essay_power_103	""	""
分散型電源の単独運転を防止する理由と検出方法を説明せよ。	系統電源が停電した区間へ分散型電源だけが給電を続けると、保守者の感電、再閉路時の非同期投入及び電圧・周波数逸脱を招く。電圧・周波数変化等の受動方式と能動信号注入方式で検出し解列する。	電力管理論説	系統連系保護を問う問題で使う。問題文では「単独運転、感電、再閉路、能動方式」が手掛かりとなる。答案には「受動検出、能動検出、解列」を入れる。FRTによる事故時運転継続との協調が必要。出題例：R03 電力・管理 問4。	essay_power_104	""	""
再生可能エネルギー大量導入時の系統課題を三つ答えよ。	第一に出力変動と予測誤差により需給・周波数調整量が増える。第二に同期機減少で慣性と短絡容量が低下する。第三に配電系統の逆潮流で電圧上昇や保護協調の課題が生じる。	電力管理論説	再エネ連系の総合論説を問う問題で使う。問題文では「出力変動、慣性、短絡容量、逆潮流」が手掛かりとなる。答案には「調整力、周波数、電圧、保護協調」を入れる。環境上の利点ではなく系統運用上の課題を三つ答える。出題例：R04 電力・管理 問5、R06 電力・管理 問6。	essay_power_105	""	""
再生可能エネルギーの出力変動へ対応する方策を三つ答えよ。	需要・発電予測を高度化する、火力・水力・蓄電池・需要応答で調整力を確保する、地域間連系線で変動を平滑化する、の三つである。必要な予備力を時間帯別に確保する。	電力管理論説	変動電源の運用対策を問う問題で使う。問題文では「予測、調整力、蓄電池、連系線」が手掛かりとなる。答案には「予備力、需要応答、平滑化」を入れる。出力抑制だけに依存せず複数時間領域の対策を示す。出題例：R04 電力・管理 問5、R07 電力・管理 問6。	essay_power_106	""	""
再生可能エネルギーの出力抑制が必要となる条件を説明せよ。	需要が小さく再エネ出力が大きいとき、火力最低出力、揚水・蓄電池、連系線活用等を尽くしても供給が需要を上回る場合に実施する。需給一致と周波数維持のため、定められた優先給電ルールに従い抑制する。	電力管理論説	需給運用と再エネ抑制を問う問題で使う。問題文では「需要小、供給過剰、最低出力、優先給電」が手掛かりとなる。答案には「需給一致、周波数維持、出力制御」を入れる。電圧上昇対策としての局所出力制御とは目的が異なる。出題例：R04 電力・管理 問5、R07 電力・管理 問6。	essay_power_107	""	""
単相3線式が単相2線式より配電用銅量を節約できる理由を説明せよ。	同じ最大使用電圧と送電損失で比較すると、単相3線式は外線間で二倍の電圧を利用でき、平衡負荷時の中性線電流は零となる。したがって必要導体断面積と銅量を小さくできる。	電力管理論説	低圧配電方式の比較を問う問題で使う。問題文では「単相3線式、外線間電圧、中性線、銅量」が手掛かりとなる。答案には「電圧二倍、平衡負荷、導体節約」を入れる。同じ対地電圧を基準に比較する。出題例：R02 電力・管理 問4。	essay_power_108	""	""
単相3線式で中性線が断線すると負荷電圧が不平衡になる理由を説明せよ。	中性線断線後は二つの100 V負荷が外線間へ直列接続された状態となり、各負荷電圧はインピーダンス比で分圧される。負荷が不平衡なら軽負荷側が過電圧、重負荷側が低電圧となる。	電力管理論説	中性線欠相事故を問う問題で使う。問題文では「中性線断線、直列回路、分圧、過電圧」が手掛かりとなる。答案には「負荷不平衡、軽負荷側、機器損傷」を入れる。抵抗の大きい軽負荷側の電圧が高くなる。出題例：R02 電力・管理 問4。	essay_power_109	""	""
単相3線式のバランサの目的を説明せよ。	バランサは単相変圧器の中点を利用して両側負荷の不平衡電流を補償し、中性点電位の偏移を抑える。これにより各100 V回路の電圧不平衡を小さくする。	電力管理論説	単相3線式の電圧平衡を問う問題で使う。問題文では「バランサ、中性点、不平衡電流、電圧偏移」が手掛かりとなる。答案には「負荷平衡、100 V回路、電圧維持」を入れる。中性線断線保護装置そのものではない。出題例：R02 電力・管理 問4。	essay_power_110	""	""
配電線末端の分散型電源から逆潮流すると電圧が上昇する理由を説明せよ。	逆潮流時は有効・無効電力の向きが変わり、線路抵抗・リアクタンスによる電圧変化が通常負荷時と逆向きになる。そのため発電地点の電圧が変電所側より高くなる。	電力管理論説	太陽光連系時の電圧上昇を問う問題で使う。問題文では「逆潮流、線路抵抗、リアクタンス、末端電圧」が手掛かりとなる。答案には「電力方向、電圧上昇、配電線インピーダンス」を入れる。遅れ・進み無効電力の符号を定義して説明する。出題例：R03 電力・管理 問4、R06 電力・管理 問6。	essay_power_111	""	""
分散型電源による配電線電圧上昇の対策を三つ答えよ。	変電所の送出し電圧やタップを調整する、SVC等で無効電力を制御する、蓄電池充電又は発電出力抑制で逆潮流を減らす、の三つである。各地点の適正電圧範囲を維持する。	電力管理論説	逆潮流時の電圧対策を問う問題で使う。問題文では「送出し電圧、無効電力、蓄電池、出力抑制」が手掛かりとなる。答案には「タップ制御、調相設備、逆潮流低減」を入れる。力率を過度に遅らせると損失と設備容量が増える。出題例：R06 電力・管理 問6、R03 電力・管理 問4。	essay_power_112	""	""
異なる配電用変圧器間でループ投入すると横流が生じる理由を説明せよ。	両変圧器の二次電圧の大きさ又は位相に差があると、その差電圧がループインピーダンスへ印加される。負荷と無関係な循環電流である横流が流れ、設備過負荷や保護リレー動作を招く。	電力管理論説	配電線のループ切替を問う問題で使う。問題文では「差電圧、位相差、ループインピーダンス、横流」が手掛かりとなる。答案には「循環電流、過負荷、保護動作」を入れる。負荷電流と横流をベクトルで分けて扱う。出題例：R07 電力・管理 問4、R06 電力・管理 問4。	essay_power_113	""	""
配電線を無停電でループ切替する前に確認すべき事項を三つ答えよ。	両系統の電圧差と位相差が許容内であること、ループ投入時の横流と各設備電流が定格内であること、保護リレーの感度・時限協調が保たれることを確認する。	電力管理論説	ループ切替の実施条件を問う問題で使う。問題文では「電圧差、位相差、横流、保護協調」が手掛かりとなる。答案には「同期確認、設備容量、リレー整定」を入れる。開閉順序だけでなく投入中の一時ループ状態を評価する。出題例：R07 電力・管理 問4、R06 電力・管理 問4。	essay_power_114	""	""
太陽光発電連系系統のループ切替で横流が増える場合を説明せよ。	一方の配電線に大きな逆潮流があると、連系点電圧と位相が他方と異なる。ループ投入時に差電圧による横流へ既存潮流が重なり、線路・変圧器電流が増加するため、発電出力を含めて事前計算する。	電力管理論説	分散型電源を含む配電切替を問う問題で使う。問題文では「太陽光、逆潮流、連系点、横流」が手掛かりとなる。答案には「差電圧、既存潮流、事前計算」を入れる。負荷だけの潮流条件で判断しない。出題例：R07 電力・管理 問4。	essay_power_115	""	""
配電損失を低減する方法を三つ答えよ。	配電電圧を格上げして同じ電力に対する電流を減らす、進相コンデンサで力率を改善して無効電流を減らす、適切な線路増強・系統切替で電流分布を平準化する、の三つである。	電力管理論説	配電設備の効率改善を問う問題で使う。問題文では「電圧格上げ、力率改善、線路増強」が手掛かりとなる。答案には「電流低減、抵抗損、潮流平準化」を入れる。抵抗損は電流の二乗に比例することを理由に添える。出題例：R04 電力・管理 問6。	essay_power_116	""	""
配電電圧を格上げすると損失と送電容量が改善する理由を説明せよ。	同じ電力と力率なら電流は電圧に反比例するため、電圧格上げで電流と電圧降下が小さくなる。抵抗損は電流の二乗に比例して減少し、既設導体で供給できる電力が増える。	電力管理論説	配電系統増強の効果を問う問題で使う。問題文では「電圧格上げ、電流、電圧降下、抵抗損」が手掛かりとなる。答案には「損失低減、供給容量増加、絶縁強化」を入れる。機器の絶縁階級変更と改修費も必要になる。出題例：R04 電力・管理 問6。	essay_power_117	""	""
進相コンデンサによる力率改善の効果を三つ答えよ。	上位系統から流れる無効電流が減り、第一に線路・変圧器の電力損失が減少する。第二に電圧降下が減る。第三に設備の電流容量に余裕が生じ、供給可能な有効電力が増加する。	電力管理論説	力率改善の効果を問う問題で使う。問題文では「進相コンデンサ、無効電流、損失、電圧降下」が手掛かりとなる。答案には「設備容量、供給力、三つの効果」を入れる。過補償による進み力率と電圧上昇に注意する。出題例：R05 電力・管理 問4、R02 電力・管理 問6。	essay_power_118	""	""
高圧受電設備のPF・S形とCB形の違いを説明せよ。	PF・S形は高圧限流ヒューズと高圧交流負荷開閉器を組み合わせ、主に小容量設備で短絡保護をヒューズに担わせる。CB形は遮断器と保護リレーで故障電流を選択遮断し、大容量・多回路設備に適する。	電力管理論説	高圧受電設備方式の比較を問う問題で使う。問題文では「PF・S形、限流ヒューズ、負荷開閉器、CB形」が手掛かりとなる。答案には「遮断器、保護リレー、設備容量」を入れる。負荷開閉器だけで短絡電流を遮断しない。出題例：R04 電力・管理 問4。	essay_power_119	""	""
地絡継電器と地絡方向継電器の使い分けを説明せよ。	地絡継電器（GR）は零相電流の大きさで地絡を検出し、電源方向が一方向で分岐の少ない系統に用いる。地絡方向継電器（DGR）は零相電圧との位相関係で故障方向を判別し、逆潮流や多回線系統で選択性を確保する。	電力管理論説	高圧受電設備の地絡保護を問う問題で使う。問題文では「GR、DGR、零相電流、零相電圧」が手掛かりとなる。答案には「方向判別、選択保護、逆潮流」を入れる。DGRは電流値だけで方向を判定しない。出題例：R04 電力・管理 問4、R03 電力・管理 問4。	essay_power_120	""	""
過電流継電器と高圧交流遮断器による短絡保護を説明せよ。	過電流継電器（OCR）が変流器電流から過負荷又は短絡を検出し、設定電流と時限に従って遮断器へ引外し指令を出す。上位・下位保護との時限協調により事故区間を選択遮断する。	電力管理論説	高圧受電設備の過電流保護を問う問題で使う。問題文では「OCR、変流器、時限、遮断器」が手掛かりとなる。答案には「過負荷、短絡、選択協調」を入れる。瞬時要素と限時要素の役割を区別する。出題例：R04 電力・管理 問4。	essay_power_121	""	""
PASが高圧需要家の波及事故を防止する仕組みを説明せよ。	地絡又は短絡を区分開閉器側の継電器で検出し、需要家事故を配電線全体へ波及させないようPASを開放する。特に地絡時は零相電圧・電流を用い、電力会社側保護と時限協調して事故需要家を分離する。	電力管理論説	高圧引込口の保護を問う問題で使う。問題文では「PAS、区分開閉器、地絡、時限協調」が手掛かりとなる。答案には「事故需要家分離、波及事故防止、選択性」を入れる。無電圧時に開放する方式など機器の遮断能力を確認する。出題例：R04 電力・管理 問4。	essay_power_122	""	""
電力系統の中性点を接地する主な目的を三つ答えよ。	地絡時の健全相対地電圧上昇を抑制する、地絡電流を確保して保護リレーを確実に動作させる、異常電圧を抑えて機器の絶縁レベルを合理化する、の三つである。	電力管理論説	中性点接地方式の目的を問う問題で使う。問題文では「健全相電圧、地絡電流、保護リレー、絶縁」が手掛かりとなる。答案には「過電圧抑制、事故検出、絶縁合理化」を入れる。地絡電流を増やす利点と機器損傷を増す欠点を併記できる。出題例：R05 電力・管理 問5、H30 電力・管理 問6。	essay_power_123	""	""
非接地方式の長所と短所を説明せよ。	一線地絡電流が主に各相の対地静電容量電流となるため小さく、地絡を直ちに遮断せず運転継続しやすい。一方、健全相対地電圧が線間電圧まで上昇し、間欠地絡過電圧や地絡方向判別が問題となる。	電力管理論説	中性点接地方式の比較を問う問題で使う。問題文では「非接地、対地静電容量、健全相電圧」が手掛かりとなる。答案には「地絡電流小、運転継続、間欠地絡」を入れる。地絡電流が完全に零になるとは答えない。出題例：R05 電力・管理 問5、H30 電力・管理 問6。	essay_power_124	""	""
抵抗接地方式の長所と短所を説明せよ。	中性点抵抗で地絡電流を制限しつつ保護リレーが検出できる大きさを確保し、健全相電圧上昇と事故損傷を抑える。抵抗器の設備費と損失が生じ、地絡電流による通信誘導や接地電位上昇への対策が必要である。	電力管理論説	中性点抵抗接地を問う問題で使う。問題文では「中性点抵抗、地絡電流、健全相電圧」が手掛かりとなる。答案には「電流制限、保護検出、事故損傷」を入れる。高抵抗接地と低抵抗接地で地絡電流の設定目的が異なる。出題例：R05 電力・管理 問5、R07 電力・管理 問2。	essay_power_125	""	""
直接接地方式の長所と短所を説明せよ。	中性点を直接大地へ接続するため健全相対地電圧上昇が小さく、絶縁レベルを低減でき、地絡保護も確実に動作する。一方、地絡電流が大きく機器損傷、誘導障害及び接地電位上昇が増える。	電力管理論説	直接接地系の特徴を問う問題で使う。問題文では「直接接地、健全相電圧、地絡電流」が手掛かりとなる。答案には「絶縁低減、保護確実、事故損傷」を入れる。超高圧系統で用いる理由を過電圧抑制と結び付ける。出題例：R05 電力・管理 問5、H30 電力・管理 問6。	essay_power_126	""	""
消弧リアクトル接地方式の原理を説明せよ。	中性点へ接続したリアクトルの誘導性電流を、健全相の対地静電容量を流れる容量性地絡電流とほぼ共振させる。故障点の残留電流を小さくして地絡アークを自然消弧させる。	電力管理論説	ペテルゼンコイル接地を問う問題で使う。問題文では「消弧リアクトル、対地静電容量、共振、残留電流」が手掛かりとなる。答案には「容量性電流補償、アーク消弧、同調」を入れる。地絡電流を大きくしてリレーを動作させる方式ではない。出題例：H30 電力・管理 問6。	essay_power_127	""	""
零相電圧と零相電流を用いて地絡方向を判別する原理を説明せよ。	零相変圧器で零相電圧、零相変流器で零相電流を検出し、両者の位相関係から地絡電流が保護区間内向きか外向きかを判別する。多回線や分散型電源連系系統でも事故回線を選択できる。	電力管理論説	地絡方向継電器の原理を問う問題で使う。問題文では「零相電圧、零相電流、位相関係、方向判別」が手掛かりとなる。答案には「ZVT、ZCT、選択保護」を入れる。電流の大きさだけでは健全回線の容量性電流と区別しにくい。出題例：H28 電力・管理 問4、R03 電力・管理 問4。	essay_power_128	""	""
変電所接地網で歩幅電圧と接触電圧を抑える方法を説明せよ。	接地導体を網状に密に敷設し、接地網を広げて接地抵抗と地表電位傾度を小さくする。地表へ高抵抗の砕石を敷き、機器外箱と接地網を等電位ボンディングして人体電流を制限する。	電力管理論説	変電所接地設計を問う問題で使う。問題文では「歩幅電圧、接触電圧、接地網、砕石」が手掛かりとなる。答案には「電位傾度、等電位、人体安全」を入れる。接地抵抗値だけでなく地表電位分布を評価する。出題例：H28 電力・管理 問5。	essay_power_129	""	""
接地抵抗を低減する方法を三つ答えよ。	接地極の本数・長さ又は埋設面積を増やす、低抵抗率の深層又は湿潤土壌へ接地極を設ける、接地網や環状接地線で電流を広く分散する、の三つである。	電力管理論説	接地設備の設計を問う問題で使う。問題文では「接地極、土壌抵抗率、深埋設、接地網」が手掛かりとなる。答案には「電流分散、接地抵抗低減、並列効果」を入れる。接地極を近接し過ぎると相互干渉で低減効果が小さい。出題例：H28 電力・管理 問5。	essay_power_130	""	""
絶縁抵抗試験で分かる劣化と判定上の注意を説明せよ。	直流電圧を印加して漏れ電流から絶縁抵抗を求め、吸湿、汚損、著しい絶縁低下を把握する。温度・湿度の影響が大きいため補正し、単回値ではなく同一条件での経年傾向を評価する。	電力管理論説	絶縁劣化診断法を問う問題で使う。問題文では「直流電圧、漏れ電流、吸湿、温度補正」が手掛かりとなる。答案には「絶縁抵抗、傾向管理、汚損」を入れる。局部欠陥の位置や初期部分放電を直接示す試験ではない。出題例：R07 電力・管理 問5。	essay_power_131	""	""
誘電正接試験で絶縁劣化を診断する原理を説明せよ。	交流課電時の容量電流に対する損失電流の比である誘電正接を測定する。吸湿、汚損、熱劣化等で誘電損失が増えると値が大きくなるため、電圧特性と経年変化から絶縁全体の劣化を判定する。	電力管理論説	絶縁診断の誘電特性を問う問題で使う。問題文では「誘電正接、容量電流、損失電流、誘電損失」が手掛かりとなる。答案には「交流課電、電圧特性、経年変化」を入れる。絶縁抵抗試験は直流漏れ電流を測る点が異なる。出題例：R07 電力・管理 問1、R07 電力・管理 問5。	essay_power_132	""	""
直流吸収試験と成極指数による絶縁診断を説明せよ。	直流課電後の吸収電流の時間減衰を測り、一定時間後の絶縁抵抗比から成極指数を求める。乾燥した健全絶縁では分極が進み抵抗が増えるが、吸湿・汚損時は比が小さくなる。	電力管理論説	回転機巻線等の吸湿診断を問う問題で使う。問題文では「直流吸収、成極指数、分極、吸湿」が手掛かりとなる。答案には「時間特性、絶縁抵抗比、乾燥状態」を入れる。測定時間の定義と温度条件をそろえる。出題例：R07 電力・管理 問1、R07 電力・管理 問5。	essay_power_133	""	""
部分放電試験で絶縁欠陥を検出する原理を説明せよ。	交流電圧を印加し、ボイドや界面など局部だけで生じる微小放電の電荷量、発生位相及び発生頻度を測定する。放電開始電圧とパターンの経年変化から欠陥の種類と進展を診断する。	電力管理論説	高電圧機器の局部欠陥診断を問う問題で使う。問題文では「部分放電、ボイド、放電電荷、発生位相」が手掛かりとなる。答案には「開始電圧、パターン、局部欠陥」を入れる。外来雑音を分離し、絶縁全体の破壊と混同しない。出題例：R07 電力・管理 問1、R07 電力・管理 問5。	essay_power_134	""	""
需要率・不等率・負荷率の意味をそれぞれ説明せよ。	需要率は最大需要電力を設備容量で除した値、不等率は各需要家最大需要の合計を合成最大需要で除した値、負荷率は平均需要電力を最大需要電力で除した値である。設備容量と需給計画の評価に用いる。	電力管理論説	需要特性の指標を問う問題で使う。問題文では「需要率、不等率、負荷率、最大需要」が手掛かりとなる。答案には「設備容量、合成最大需要、平均需要」を入れる。分母と分子を取り違えず、不等率は通常一以上となる。出題例：R04 電力・管理 問6、H27 電力・管理 問5。	essay_power_135	""	""
供給予備力を確保する目的を説明せよ。	需要予測誤差、発電機・送電設備の事故停止及び再エネ出力変動が生じても需給を一致させるため、最大需要を上回る供給力を確保する。瞬動・運転・待機など起動時間の異なる予備力を組み合わせる。	電力管理論説	需給計画の信頼度を問う問題で使う。問題文では「供給予備力、需要予測誤差、事故停止、起動時間」が手掛かりとなる。答案には「需給一致、供給信頼度、予備力区分」を入れる。設備率と実際に応動可能な予備力を混同しない。出題例：R07 電力・管理 問6。	essay_power_136	""	""
デマンドレスポンスの目的を説明せよ。	電力価格又は事業者からの要請に応じて需要家が需要量・時間帯を変化させ、需給ひっ迫の緩和、再エネ余剰の吸収及び系統運用費の低減に活用する。需要を固定せず調整資源として扱う仕組みである。	電力管理論説	需要側資源の活用を問う問題で使う。問題文では「デマンドレスポンス、需要変化、需給ひっ迫」が手掛かりとなる。答案には「調整力、ピーク抑制、余剰吸収」を入れる。省エネルギーだけでなく需要時刻の移行も含む。出題例：R07 電力・管理 問6。	essay_power_137	""	""
下げDRと上げDRの違いを説明せよ。	下げデマンドレスポンス（下げDR）は需給ひっ迫時等に需要を減らし、上げDRは再エネ余剰時等に需要を増やす。蓄電池、蓄熱、電気自動車や生産工程の時間移行を使い、双方向に需給を調整する。	電力管理論説	デマンドレスポンスの区分を問う問題で使う。問題文では「下げDR、上げDR、需給ひっ迫、再エネ余剰」が手掛かりとなる。答案には「需要削減、需要創出、時間移行」を入れる。上げDRは発電量を増やす指令ではない。出題例：R07 電力・管理 問6。	essay_power_138	""	""
アグリゲーターの役割を説明せよ。	多数の需要家の蓄電池、発電設備及び制御可能負荷を束ね、需要予測・遠隔制御して一つの調整力として市場や系統運用者へ提供する。個々では小さい分散資源の信頼性と取引可能量を高める。	電力管理論説	分散資源の需給活用を問う問題で使う。問題文では「アグリゲーター、分散資源、遠隔制御、調整力」が手掛かりとなる。答案には「需要予測、資源集約、市場取引」を入れる。単なる小売電気事業者とは役割が一致しない。出題例：R07 電力・管理 問6。	essay_power_139	""	""
経済負荷配分の基本条件を説明せよ。	送電損失を無視する場合、運転中の各発電機の増分燃料費を等しくし、出力合計を需要に一致させる。各機の上下限制約と運転条件を満たしつつ総燃料費を最小化する。	電力管理論説	発電機出力の経済運用を問う問題で使う。問題文では「増分燃料費、総需要、上下限制約」が手掛かりとなる。答案には「等増分燃料費、総費用最小、需給一致」を入れる。平均燃料費を等しくするのではない。出題例：R07 電力・管理 問6。	essay_power_140	""	""
時間基準保全と状態基準保全を比較せよ。	時間基準保全は運転時間又は暦時間で周期的に点検・交換し、管理しやすいが過剰保全になり得る。状態基準保全は診断データで劣化を把握して実施時期を決め、停止と費用を減らせるが監視・判定技術が必要である。	電力管理論説	保全方式の比較を問う問題で使う。問題文では「時間基準保全、状態基準保全、周期、診断」が手掛かりとなる。答案には「過剰保全、劣化監視、保全時期」を入れる。故障後に修理する事後保全とは区別する。出題例：H26 電力・管理 問6、H29 電力・管理 問6。	essay_power_141	""	""
予防保全と事後保全の使い分けを説明せよ。	故障影響が大きい重要設備は、点検・診断と計画交換を行う予防保全を適用する。故障影響が小さく代替が容易で、予防費が故障損失を上回る設備は事後保全を選択し、信頼度と費用を最適化する。	電力管理論説	保全方針の選定を問う問題で使う。問題文では「予防保全、事後保全、故障影響、代替」が手掛かりとなる。答案には「重要度、信頼度、ライフサイクル費用」を入れる。事後保全を無計画な放置と表現しない。出題例：H26 電力・管理 問6。	essay_power_142	""	""
普通点検と精密点検の違いを説明せよ。	普通点検は運転中又は短時間停止で外観、異音、温度、圧力等を確認し、異常兆候を早期発見する。精密点検は計画停止して分解、測定及び機能試験を行い、内部劣化と性能を詳細に確認する。	電力管理論説	変電所の定期点検を問う問題で使う。問題文では「普通点検、精密点検、外観、分解」が手掛かりとなる。答案には「異常兆候、機能試験、計画停止」を入れる。点検周期ではなく内容と停止範囲で区別する。出題例：H29 電力・管理 問6。	essay_power_143	""	""
劣化診断結果を設備保全計画へ反映する手順を説明せよ。	診断値を基準値・過去傾向・同型機と比較し、劣化原因、進展速度及び故障影響を評価する。運転継続、監視強化、補修又は更新の優先度と時期を決め、実施後のデータを次回診断へ反映する。	電力管理論説	状態基準保全の実務を問う問題で使う。問題文では「診断値、傾向、進展速度、故障影響」が手掛かりとなる。答案には「優先度、補修、更新、フィードバック」を入れる。単一測定値だけで停止・更新を決めない。出題例：R07 電力・管理 問1、H28 電力・管理 問2、H26 電力・管理 問6。	essay_power_144	""	""
同期発電機と同期電動機のエネルギー変換原理を説明せよ。	同期発電機は原動機で界磁磁極を回転させ、固定子巻線に同期周波数の交流起電力を誘導する。同期電動機は固定子回転磁界と回転子界磁が同期を保ち、両磁界の相互作用で電磁トルクを生じる。	機械制御論説	同期機の基本原理を問う問題で使う。問題文では「界磁、回転磁界、同期速度、電磁トルク」が手掛かりとなる。答案には「電磁誘導、磁極、同期運転」を入れる。誘導電動機のような滑りを必要としない。出題例：R06 機械・制御 問1、R07 機械・制御 問1。	essay_machine_001	""	""
同期機の電機子反作用を負荷力率との関係で説明せよ。	電機子電流が作る磁束が界磁磁束へ作用し、力率1では主に横軸作用、遅れ電流では減磁作用、進み電流では増磁作用を生じる。このため同じ端子電圧を保つのに必要な界磁電流が変化する。	機械制御論説	同期機の励磁特性を問う問題で使う。問題文では「電機子反作用、遅れ、進み、減磁、増磁」が手掛かりとなる。答案には「横軸作用、界磁電流、端子電圧」を入れる。発電機と電動機で電流・電圧フェーザの向きを確認する。出題例：R06 機械・制御 問1、H30 機械・制御 問2。	essay_machine_002	""	""
同期電動機を過励磁にすると進み電流を取る理由を説明せよ。	界磁電流を増して内部起電力を端子電圧より大きくすると、同期リアクタンスを介して系統へ無効電力を供給する向きの電機子電流が流れる。その結果、同期電動機は進み力率で運転する。	機械制御論説	同期電動機の力率調整を問う問題で使う。問題文では「過励磁、内部起電力、無効電力、進み電流」が手掛かりとなる。答案には「界磁電流、同期リアクタンス、力率改善」を入れる。有効電力は主に機械負荷と相差角で決まる。出題例：R07 機械・制御 問1。	essay_machine_003	""	""
同期電動機のV曲線を説明せよ。	一定の機械出力と端子電圧で界磁電流を変えると、電機子電流は不足励磁側の遅れ力率から力率1で最小となり、過励磁側の進み力率へ再び増加してV字形となる。力率調整範囲の把握に用いる。	機械制御論説	同期電動機の励磁特性を問う問題で使う。問題文では「V曲線、界磁電流、電機子電流、力率1」が手掛かりとなる。答案には「不足励磁、過励磁、最小電流」を入れる。横軸が界磁電流、縦軸が電機子電流である。出題例：R07 機械・制御 問1。	essay_machine_004	""	""
同期調相機が無効電力を調整する仕組みを説明せよ。	同期電動機をほぼ無負荷で運転し、過励磁で進み無効電力を供給、不足励磁で遅れ無効電力を吸収する。連続的な電圧調整に加え、回転慣性と短絡容量を系統へ与える。	機械制御論説	同期機の調相運転を問う問題で使う。問題文では「同期調相機、無負荷、過励磁、不足励磁」が手掛かりとなる。答案には「無効電力、電圧調整、慣性」を入れる。有効電力は損失分だけ系統から受け取る。出題例：R07 機械・制御 問1、R06 機械・制御 問1。	essay_machine_005	""	""
無負荷飽和曲線と三相短絡特性から同期リアクタンスを求める考え方を説明せよ。	同じ界磁電流に対する無負荷相電圧を三相短絡電流で除し、電機子抵抗を無視すれば同期リアクタンスを求められる。飽和値を使うか空隙線を使うかで値が異なるため、指定条件を確認する。	機械制御論説	同期機試験と等価定数を問う問題で使う。問題文では「無負荷飽和曲線、三相短絡特性、同一界磁電流」が手掛かりとなる。答案には「相電圧、短絡電流、同期リアクタンス」を入れる。線間電圧をそのまま相電圧として除さない。出題例：R06 機械・制御 問1、R04 機械・制御 問1。	essay_machine_006	""	""
同期機の短絡比が大きい場合の特徴を説明せよ。	短絡比が大きい機械は同期リアクタンスが小さく、電圧変動率が小さく安定度が高い。一方、必要な鉄・銅量と機械寸法が増え、製造費が高くなる傾向がある。	機械制御論説	同期機設計指標を問う問題で使う。問題文では「短絡比、同期リアクタンス、電圧変動率、安定度」が手掛かりとなる。答案には「リアクタンス小、機械大型、価格」を入れる。短絡電流自体が小さくなるとは限らない。出題例：R04 機械・制御 問1、R06 機械・制御 問1。	essay_machine_007	""	""
円筒形同期機の出力相差角特性と安定運転範囲を説明せよ。	電機子抵抗を無視すると電気出力は内部起電力、端子電圧及び相差角の正弦に比例し、同期リアクタンスに反比例する。相差角90度で最大となり、通常は同期外れの余裕を持ってそれより小さい範囲で運転する。	機械制御論説	同期機の出力限界を問う問題で使う。問題文では「出力相差角、内部起電力、同期リアクタンス、90度」が手掛かりとなる。答案には「最大出力、定態安定度、同期外れ」を入れる。電動機と発電機で相差角の符号を確認する。出題例：R05 機械・制御 問1、H27 機械・制御 問1。	essay_machine_008	""	""
突極形同期機の出力特性が円筒形と異なる理由を説明せよ。	直軸と横軸の磁気抵抗が異なり、直軸同期リアクタンスと横軸同期リアクタンスに差があるため、界磁による同期トルクに加えて二倍角のリラクタンストルクが生じる。円筒形では両リアクタンスがほぼ等しい。	機械制御論説	突極機の出力式の意味を問う問題で使う。問題文では「直軸、横軸、リラクタンストルク、二倍角」が手掛かりとなる。答案には「突極性、磁気抵抗差、出力項」を入れる。界磁電流が零でも生じ得るリラクタンストルクを区別する。出題例：R06 機械・制御 問1。	essay_machine_009	""	""
同期電動機を自己始動できない理由と代表的な始動方法を説明せよ。	停止中は回転磁界によるトルクの向きが半周期ごとに変わり、平均始動トルクが得られない。制動巻線で誘導電動機として加速する、始動用電動機を用いる、又は可変周波数電源で同期を保って加速する。	機械制御論説	同期電動機の始動を問う問題で使う。問題文では「平均始動トルク、制動巻線、始動用電動機、可変周波数」が手掛かりとなる。答案には「同期引入れ、回転磁界、加速」を入れる。直流界磁を強めるだけでは静止状態から始動できない。出題例：R07 機械・制御 問1。	essay_machine_010	""	""
同期発電機を系統へ並列投入する条件を四つ答えよ。	発電機と系統の電圧の大きさ、周波数、相順及び投入時の位相を一致させる。条件不一致で投入すると大きな横流、電磁トルク及び機械的衝撃が生じる。	機械制御論説	同期発電機の並行運転を問う問題で使う。問題文では「電圧、周波数、相順、位相」が手掛かりとなる。答案には「同期検定、横流、投入衝撃」を入れる。四条件を過不足なく答える。出題例：H30 機械・制御 問2、R05 機械・制御 問1。	essay_machine_011	""	""
系統連系同期発電機の有効電力と無効電力を何で調整するか説明せよ。	原動機入力を増減すると相差角と有効電力が主に変化し、界磁電流を増減すると内部起電力と無効電力・力率が主に変化する。無限大母線では周波数と端子電圧を発電機単独では変えられない。	機械制御論説	並行運転時の出力調整を問う問題で使う。問題文では「原動機入力、界磁電流、有効電力、無効電力」が手掛かりとなる。答案には「相差角、内部起電力、無限大母線」を入れる。有効電力を界磁だけで恒常的に増やせると考えない。出題例：R05 機械・制御 問1、H30 機械・制御 問2。	essay_machine_012	""	""
三相誘導電動機に回転磁界が生じる原理を説明せよ。	空間的に120度離れた三相巻線へ時間的に120度位相差のある電流を流すと、合成磁界は大きさをほぼ一定に保って同期速度で回転する。相順を入れ替えると回転方向が逆になる。	機械制御論説	誘導機の基本原理を問う問題で使う。問題文では「三相巻線、120度、合成磁界、同期速度」が手掛かりとなる。答案には「回転磁界、相順、回転方向」を入れる。単相交流だけでは始動回転磁界を作れない。出題例：H30 機械・制御 問1、R02 機械・制御 問1。	essay_machine_013	""	""
誘導電動機の滑りと二次周波数の関係を説明せよ。	滑りは同期速度と回転速度の差を同期速度で除した値である。回転子から見た回転磁界の相対速度が滑り倍になるため、二次電流の周波数は電源周波数の滑り倍となる。	機械制御論説	誘導機の速度関係を問う問題で使う。問題文では「滑り、同期速度、回転速度、二次周波数」が手掛かりとなる。答案には「相対速度、滑り周波数、回転子」を入れる。停止時は滑り1、同期速度では滑り0となる。出題例：R02 機械・制御 問1、R07 機械・制御 問2。	essay_machine_014	""	""
誘導電動機が電磁トルクを発生する原理を説明せよ。	回転磁界が回転子導体を相対的に横切って起電力と電流を誘導し、その電流と磁界の相互作用で回転磁界に追従する向きの力が生じる。トルク発生には零でない滑りが必要である。	機械制御論説	誘導機のトルク原理を問う問題で使う。問題文では「電磁誘導、二次電流、回転磁界、滑り」が手掛かりとなる。答案には「相互作用、追従トルク、相対速度」を入れる。回転子速度は電動機運転で同期速度へ到達しない。出題例：R03 機械・制御 問1、R07 機械・制御 問2。	essay_machine_015	""	""
誘導電動機のギャップ電力と二次銅損・機械的出力の関係を説明せよ。	固定子から空隙を越えて回転子へ伝わるギャップ電力のうち、滑り倍が二次銅損、残りの一マイナス滑り倍が機械的出力へ変換される。機械損を差し引くと軸出力となる。	機械制御論説	誘導機の電力フローを問う問題で使う。問題文では「ギャップ電力、滑り、二次銅損、機械的出力」が手掛かりとなる。答案には「回転子入力、軸出力、機械損」を入れる。一次銅損をギャップ電力から再度差し引かない。出題例：R07 機械・制御 問2、R03 機械・制御 問1。	essay_machine_016	""	""
誘導電動機の比例推移を説明せよ。	電圧と周波数を一定とし二次抵抗を増すと、最大トルクの大きさはほぼ変わらず、その発生滑りが二次抵抗に比例して大きくなる。この性質を巻線形誘導電動機の始動・速度制御に利用する。	機械制御論説	トルク特性の変化を問う問題で使う。問題文では「比例推移、二次抵抗、最大トルク、滑り」が手掛かりとなる。答案には「最大トルク一定、始動トルク、速度制御」を入れる。かご形では外部二次抵抗を接続できない。出題例：R01 機械・制御 問1、H28 機械・制御 問1。	essay_machine_017	""	""
誘導電動機の最大トルク条件をテブナン等価回路で説明せよ。	固定子側をテブナン等価化すると、最大トルクは二次抵抗の滑り換算値がテブナン抵抗と全漏れリアクタンスからなる等価インピーダンスの大きさに等しいとき生じる。まず端子側等価回路を作って判定する。	機械制御論説	最大トルク計算の前提を問う問題で使う。問題文では「テブナン等価回路、二次抵抗、滑り、漏れリアクタンス」が手掛かりとなる。答案には「最大トルク条件、等価電圧、等価インピーダンス」を入れる。簡略条件の二次抵抗イコール滑り倍リアクタンスを無条件に使わない。出題例：H28 機械・制御 問1、R03 機械・制御 問1。	essay_machine_018	""	""
誘導電動機の始動電流が大きくなる理由を説明せよ。	始動時は滑りが1で回転による逆起電力が小さく、等価回路のインピーダンスが主に小さい漏れインピーダンスとなるため大電流が流れる。電圧降下と機械衝撃を抑える始動方式が必要となる。	機械制御論説	誘導機の始動特性を問う問題で使う。問題文では「始動、滑り1、逆起電力、漏れインピーダンス」が手掛かりとなる。答案には「大電流、電圧降下、機械衝撃」を入れる。定常運転時の励磁電流だけで説明しない。出題例：H30 機械・制御 問1。	essay_machine_019	""	""
スターデルタ始動で始動電流と始動トルクがどう変化するか説明せよ。	デルタ運転用電動機を始動時だけスター結線にすると各相電圧はデルタ時の一ルート3となる。線電流と始動トルクは直入れデルタ始動のおよそ三分の一となり、加速後にデルタへ切り替える。	機械制御論説	誘導機の減電圧始動を問う問題で使う。問題文では「スターデルタ、相電圧、線電流、始動トルク」が手掛かりとなる。答案には「三分の一、結線切替、直入れ比較」を入れる。電源電圧と運転時デルタ定格が適合する機械に限る。出題例：H30 機械・制御 問1。	essay_machine_020	""	""
リアクトル始動と始動補償器始動の特徴を比較せよ。	リアクトル始動は固定子へ直列リアクトルを入れて端子電圧を下げ、構成が簡単だが入力力率が低い。始動補償器は単巻変圧器で減圧し、同じ電動機端子電流に対する電源側電流をより小さくできる。	機械制御論説	減電圧始動方式の比較を問う問題で使う。問題文では「リアクトル始動、始動補償器、単巻変圧器、減圧」が手掛かりとなる。答案には「電源電流、入力力率、設備費」を入れる。始動トルクはいずれも端子電圧の二乗にほぼ比例する。出題例：H30 機械・制御 問1。	essay_machine_021	""	""
巻線形誘導電動機の二次抵抗始動を説明せよ。	スリップリングから回転子回路へ外部抵抗を挿入し、最大トルク発生点を始動側へ移して大きな始動トルクを得る。同時に始動電流を抑え、加速に従って抵抗を段階的に短絡する。	機械制御論説	巻線形誘導機の始動を問う問題で使う。問題文では「スリップリング、外部二次抵抗、最大トルク、段階短絡」が手掛かりとなる。答案には「始動トルク、始動電流、比例推移」を入れる。外部抵抗の損失が大きいため連続速度制御では効率が低い。出題例：R01 機械・制御 問1、H30 機械・制御 問1。	essay_machine_022	""	""
誘導電動機のV/f一定制御の目的を説明せよ。	固定子電圧を周波数に比例して変え、空隙磁束をほぼ一定に保つことで、基底周波数以下で定トルク特性を得る。低周波では抵抗電圧降下を補償し、基底周波数以上では電圧上限により弱め磁束制御となる。	機械制御論説	インバータ速度制御を問う問題で使う。問題文では「V/f一定、空隙磁束、定トルク、弱め磁束」が手掛かりとなる。答案には「周波数制御、低速補償、基底周波数」を入れる。周波数だけ下げると磁束過大で飽和する。出題例：R04 機械・制御 問3。	essay_machine_023	""	""
誘導機が回生発電運転となる条件を説明せよ。	外力で回転子速度を同期速度より高くすると滑りが負となり、電磁トルクは回転を妨げる向きに変わる。機械入力が電力へ変換され、固定子から交流系統へ回生される。	機械制御論説	誘導機の発電・制動を問う問題で使う。問題文では「同期速度、負滑り、制動トルク、回生」が手掛かりとなる。答案には「機械入力、系統返還、発電機運転」を入れる。単独では励磁無効電力の供給源が必要となる。出題例：R02 機械・制御 問1、R04 機械・制御 問3。	essay_machine_024	""	""
変圧器の無負荷試験で主に何を求めるか説明せよ。	二次側を開放し一次側へ定格電圧を加え、入力電力をほぼ鉄損、電流を励磁電流として測定する。これらから励磁コンダクタンスと励磁サセプタンス、すなわち励磁回路定数を求める。	機械制御論説	変圧器試験と等価回路を問う問題で使う。問題文では「無負荷試験、定格電圧、鉄損、励磁電流」が手掛かりとなる。答案には「励磁回路、開放二次、入力電力」を入れる。一次銅損は励磁電流が小さいため通常無視する。出題例：R06 機械・制御 問2、H28 機械・制御 問2。	essay_machine_025	""	""
変圧器の短絡試験で主に何を求めるか説明せよ。	二次側を短絡し一次側へ定格電流が流れる低電圧を加え、入力電力を定格銅損として測定する。短絡電圧、電流及び電力から等価抵抗、漏れリアクタンスと百分率インピーダンスを求める。	機械制御論説	変圧器試験と直列定数を問う問題で使う。問題文では「短絡試験、定格電流、銅損、短絡電圧」が手掛かりとなる。答案には「等価抵抗、漏れリアクタンス、百分率インピーダンス」を入れる。印加電圧が低いため鉄損は通常無視する。出題例：R06 機械・制御 問2、R03 機械・制御 問2。	essay_machine_026	""	""
変圧器の最大効率条件を説明せよ。	鉄損を負荷にほぼ無関係な一定損、銅損を負荷率の二乗に比例する可変損とすると、両者が等しい負荷率で効率が最大となる。負荷率は定格銅損と鉄損から求める。	機械制御論説	変圧器効率の条件を問う問題で使う。問題文では「鉄損、銅損、負荷率、最大効率」が手掛かりとなる。答案には「一定損、二乗比例、損失等値」を入れる。最大効率と全日効率の最適条件を混同しない。出題例：R02 機械・制御 問2、H28 機械・制御 問2。	essay_machine_027	""	""
変圧器の電圧変動率が負になる場合を説明せよ。	進み力率負荷では漏れリアクタンスによる電圧変化が抵抗降下を上回って端子電圧を押し上げることがある。その場合、無負荷電圧より負荷時二次電圧が高くなり電圧変動率は負となる。	機械制御論説	変圧器の負荷時電圧を問う問題で使う。問題文では「進み力率、漏れリアクタンス、電圧上昇、負の変動率」が手掛かりとなる。答案には「抵抗降下、リアクタンス降下、力率角」を入れる。遅れ力率の符号をそのまま用いない。出題例：H28 機械・制御 問2。	essay_machine_028	""	""
変圧器を並行運転するための条件を四つ答えよ。	第一に変圧比が等しいこと、第二に極性・相順・位相変位が一致すること、第三に百分率インピーダンスが近いこと、第四に抵抗分とリアクタンス分の比が近いことが必要である。循環電流と不均等負荷を防ぐ。	機械制御論説	変圧器の並行運転条件を問う問題で使う。問題文では「変圧比、極性、位相変位、百分率インピーダンス」が手掛かりとなる。答案には「循環電流、負荷分担、インピーダンス角」を入れる。三相変圧器では結線群も一致させる。出題例：R03 機械・制御 問2、H27 機械・制御 問2。	essay_machine_029	""	""
並行変圧器の負荷分担が百分率インピーダンスに反比例する理由を説明せよ。	共通母線に接続された各変圧器は同じ端子電圧差を受けるため、分担電流は各変圧器の内部インピーダンスに反比例する。自己容量基準の百分率インピーダンスへそろえて容量分担を評価する。	機械制御論説	並行運転時の負荷分担を問う問題で使う。問題文では「共通母線、分担電流、百分率インピーダンス、共通基準」が手掛かりとなる。答案には「インピーダンス反比例、容量分担、過負荷」を入れる。オーム値を容量の異なる機器間で直接比較しない。出題例：R03 機械・制御 問2。	essay_machine_030	""	""
並行変圧器の変圧比が異なると循環電流が流れる理由を説明せよ。	無負荷二次電圧に差があると、その差電圧が両変圧器の内部インピーダンスの和へ印加され、負荷と無関係な循環電流が流れる。銅損と温度上昇が増え、有効容量が減少する。	機械制御論説	並行運転の不適合を問う問題で使う。問題文では「変圧比、差電圧、循環電流、内部インピーダンス」が手掛かりとなる。答案には「無負荷横流、銅損、容量低下」を入れる。負荷分担電流と循環電流をベクトルで区別する。出題例：H27 機械・制御 問2。	essay_machine_031	""	""
単巻変圧器が同容量の二巻線変圧器より小形・高効率になる理由を説明せよ。	一次・二次の一部巻線を共用し、電力の一部を導電的に直接伝送するため、電磁誘導で伝える容量が小さい。必要な銅と鉄が減り、損失と電圧変動も小さくなる。	機械制御論説	単巻変圧器の特徴を問う問題で使う。問題文では「共通巻線、導電容量、誘導容量、材料節減」が手掛かりとなる。答案には「小形、高効率、電圧変動小」を入れる。一次と二次が電気的に絶縁されない欠点を忘れない。出題例：H29 機械・制御 問2。	essay_machine_032	""	""
V結線変圧器の利用率と特徴を説明せよ。	単相変圧器二台で三相電力を供給でき、一台故障時の応急運転にも使える。ただし設備容量の合計に対する三相出力の利用率は約86.6パーセントで、各変圧器の力率と電圧変動が異なる。	機械制御論説	V結線の容量と運用を問う問題で使う。問題文では「V結線、単相変圧器二台、利用率、応急運転」が手掛かりとなる。答案には「86.6パーセント、三相供給、負荷分担」を入れる。二台の容量合計をそのまま三相出力としない。出題例：R05 機械・制御 問2。	essay_machine_033	""	""
変圧器の励磁突入電流が生じる理由と抑制方法を説明せよ。	投入位相、残留磁束及び系統電圧による磁束が同方向に重なると鉄心が飽和し、大きな非対称励磁電流が流れる。投入位相制御や抵抗投入で抑え、差動保護では第二調波成分で内部故障と判別する。	機械制御論説	変圧器投入現象を問う問題で使う。問題文では「残留磁束、鉄心飽和、非対称電流、第二調波」が手掛かりとなる。答案には「投入位相、抵抗投入、差動保護」を入れる。負荷突入や内部短絡電流とは発生原因が異なる。出題例：R01 機械・制御 問2、R06 電力・管理 問2。	essay_machine_034	""	""
ダイオード・サイリスタ・IGBT・MOSFETの制御性を比較せよ。	ダイオードは順方向電圧で自然導通しゲート制御できない。サイリスタはゲートでターンオンするが通常は電流零まで自己消弧できず、IGBTとMOSFETはゲートでオン・オフできる自己消弧素子である。	機械制御論説	電力半導体の選択を問う問題で使う。問題文では「ダイオード、サイリスタ、IGBT、MOSFET」が手掛かりとなる。答案には「自然導通、半制御、自己消弧、ゲート」を入れる。GTOはゲート負電流でターンオフできるサイリスタ系素子。出題例：H30 機械・制御 問3、R03 機械・制御 問3。	essay_machine_035	""	""
整流回路の平均直流電圧を求める際の手順を説明せよ。	電源の相電圧か線間電圧か、素子の導通区間及び負荷電流の連続性を確認して出力波形を作る。一周期で波形を積分して平均値を求め、サイリスタでは制御遅れ角を含める。	機械制御論説	整流器の波形計算を問う問題で使う。問題文では「相電圧、線間電圧、導通区間、平均値」が手掛かりとなる。答案には「出力波形、一周期積分、制御遅れ角」を入れる。実効値と平均値を取り違えない。出題例：R07 機械・制御 問3、H30 機械・制御 問3。	essay_machine_036	""	""
平滑コンデンサ付き整流回路の出力と入力電流の特徴を説明せよ。	コンデンサは交流電圧のピーク付近で充電し、その他の期間に負荷へ放電するため出力電圧のリプルが小さい。一方、入力電流はピーク付近だけに集中するパルス状となり、力率低下と高調波増加を招く。	機械制御論説	コンデンサ入力整流器を問う問題で使う。問題文では「ピーク充電、放電、リプル、パルス電流」が手掛かりとなる。答案には「高調波、力率、導通角」を入れる。平均電圧は抵抗負荷だけの整流波形よりピーク値へ近づく。出題例：H29 機械・制御 問3。	essay_machine_037	""	""
チョッパ回路で還流ダイオードが必要な理由を説明せよ。	スイッチをオフしてもインダクタ電流は急変できないため、還流ダイオードが電流の閉路を作る。負荷電流を連続させ、スイッチ端子の過電圧を抑えて蓄積エネルギーを安全に移す。	機械制御論説	誘導性負荷のチョッパを問う問題で使う。問題文では「インダクタ電流、スイッチオフ、還流ダイオード、過電圧」が手掛かりとなる。答案には「電流連続、エネルギー移送、素子保護」を入れる。電源へ回生するダイオード経路とは回路構成を確認する。出題例：R06 機械・制御 問3、R03 機械・制御 問3。	essay_machine_038	""	""
降圧チョッパの出力電圧を通流率で制御する原理を説明せよ。	理想素子、周期定常状態かつ連続電流モードでは、インダクタの一周期平均電圧が零となる。オン時間比である通流率を変えると平均出力電圧は入力電圧の通流率倍となる。	機械制御論説	チョッパの平均値計算を問う問題で使う。問題文では「通流率、周期定常、連続電流、平均電圧」が手掛かりとなる。答案には「インダクタ平均電圧零、PWM、降圧」を入れる。不連続電流モードでは負荷条件も出力比へ影響する。出題例：R06 機械・制御 問3。	essay_machine_039	""	""
連続電流モードと不連続電流モードの違いを説明せよ。	連続電流モードではインダクタ電流が周期中に零にならず、理想変換比を通流率だけで表しやすい。不連続電流モードでは零電流区間があり、変換比やピーク電流が負荷・インダクタンス・周波数にも依存する。	機械制御論説	チョッパの動作条件を問う問題で使う。問題文では「連続電流、不連続電流、零電流区間、負荷」が手掛かりとなる。答案には「変換比、ピーク電流、インダクタンス」を入れる。平均電流が零でないことと連続モードを混同しない。出題例：R06 機械・制御 問3、R03 機械・制御 問3。	essay_machine_040	""	""
三相インバータの180度通電と120度通電を比較せよ。	180度通電では各素子が電気角180度導通し各相端子が常に直流母線のいずれかへ接続される。120度通電では各相に60度の休止区間があり、線間電圧と相電圧の波形・基本波実効値が異なる。	機械制御論説	インバータ導通モードを問う問題で使う。問題文では「180度通電、120度通電、休止区間、線間電圧」が手掛かりとなる。答案には「スイッチング状態、相電圧、基本波」を入れる。上下一相の同時導通による直流短絡を避ける。出題例：H28 機械・制御 問3。	essay_machine_041	""	""
PWMインバータが出力電圧と周波数を制御する原理を説明せよ。	基準正弦波と高周波搬送波を比較してスイッチングパルスを作り、基準波の周波数で基本波周波数を、変調率で基本波電圧を調整する。高調波を搬送波周波数付近へ移してフィルタを小形化できる。	機械制御論説	電圧形インバータのPWM制御を問う問題で使う。問題文では「基準正弦波、搬送波、変調率、基本波」が手掛かりとなる。答案には「スイッチング、周波数制御、高調波移動」を入れる。変調率を線形範囲以上にすると過変調となる。出題例：R04 機械・制御 問3。	essay_machine_042	""	""
インバータでデッドタイムを設ける理由と影響を説明せよ。	同一相の上アームと下アームが同時導通して直流母線を短絡しないよう、両素子をともにオフする短い時間を設ける。素子保護に必要だが、出力電圧誤差と低次高調波、低速トルク脈動を生じる。	機械制御論説	インバータのスイッチング実務を問う問題で使う。問題文では「デッドタイム、上下アーム、直流短絡、電圧誤差」が手掛かりとなる。答案には「素子保護、高調波、補償」を入れる。休止時間を長くし過ぎると波形ひずみが増える。出題例：R02 機械・制御 問3、H28 機械・制御 問3。	essay_machine_043	""	""
電力用能動フィルタが負荷高調波を補償する原理を説明せよ。	負荷電流から基本波有効電流を除いて高調波・無効電流指令を作り、電力変換器が逆相の補償電流を注入する。系統側電流をほぼ正弦波かつ力率1に近づける。	機械制御論説	高調波補償を問う問題で使う。問題文では「能動フィルタ、補償電流、逆相、高調波」が手掛かりとなる。答案には「基本波有効電流、力率、系統電流」を入れる。受動フィルタの共振同調方式と区別する。出題例：R05 機械・制御 問3。	essay_machine_044	""	""
高調波障害と代表的な対策を説明せよ。	高調波電流は機器・コンデンサの過熱、電圧ひずみ、通信障害及び共振拡大を生じる。発生源へリアクトルや多パルス・PWM変換器を用い、受動又は能動フィルタを設置し、系統インピーダンスとの共振を避ける。	機械制御論説	電力変換器の系統影響を問う問題で使う。問題文では「高調波、過熱、電圧ひずみ、共振」が手掛かりとなる。答案には「リアクトル、多パルス、フィルタ」を入れる。力率改善コンデンサが高調波を吸収し過負荷になる点に注意する。出題例：R05 機械・制御 問3、R04 機械・制御 問3。	essay_machine_045	""	""
電圧形変換器と電流形変換器の直流側要素と出力特性を比較せよ。	電圧形変換器は直流側に大容量コンデンサを置き、電圧源として出力電圧をスイッチングする。電流形変換器は大容量リアクトルで直流電流を平滑化し、電流源として出力電流を切り替える。	機械制御論説	変換器方式の比較を問う問題で使う。問題文では「電圧形、コンデンサ、電流形、リアクトル」が手掛かりとなる。答案には「直流リンク、電圧源、電流源」を入れる。電圧形では同一相上下アーム短絡、電流形では電流路開放を避ける。出題例：R01 機械・制御 問3、R04 機械・制御 問3。	essay_machine_046	""	""
電力変換器が回生運転する条件を説明せよ。	直流側又は機械側から供給されたエネルギーを交流系統へ戻すよう、変換器の電圧位相・極性と電流を制御し、交流側有効電力を逆向きにする。直流リンクの過電圧を防ぎ、系統同期と保護条件を満たす。	機械制御論説	双方向電力変換を問う問題で使う。問題文では「回生、有効電力、位相制御、直流リンク」が手掛かりとなる。答案には「電力方向、系統同期、過電圧防止」を入れる。還流ダイオード内だけの循環を系統回生と呼ばない。出題例：H30 機械・制御 問3、R01 機械・制御 問3。	essay_machine_047	""	""
フィードバック制御の目的と開ループ制御に対する特徴を説明せよ。	出力を目標値と比較して偏差を操作量へ反映し、外乱や制御対象の変動があっても偏差を小さくする。開ループより精度とロバスト性を高められるが、設計が不適切だと不安定になる。	機械制御論説	制御系の基本構成を問う問題で使う。問題文では「フィードバック、偏差、外乱、ロバスト性」が手掛かりとなる。答案には「目標値追従、外乱抑制、安定性」を入れる。負帰還であることとループ符号を確認する。出題例：R07 機械・制御 問4、R04 機械・制御 問4。	essay_machine_048	""	""
閉ループ制御系の安定性を判定する基本条件を説明せよ。	閉ループ伝達関数の特性方程式の全根が複素平面の左半平面にあれば漸近安定である。右半平面根があれば発散し、虚軸上の単根があれば持続振動となるため、特性方程式を先に求める。	機械制御論説	制御系の安定判別を問う問題で使う。問題文では「特性方程式、極、左半平面、右半平面」が手掛かりとなる。答案には「漸近安定、発散、持続振動」を入れる。開ループ極だけで閉ループ安定を断定しない。出題例：R03 機械・制御 問4、R02 機械・制御 問4。	essay_machine_049	""	""
最終値の定理を適用できる条件を説明せよ。	時間応答の最終値はラプラス変換へsを乗じた式のsを零へ近づけて求める。ただし、その式の極が原点の単純極を除いてすべて左半平面にあり、応答が有限値へ収束する安定系でなければならない。	機械制御論説	定常値計算の適用条件を問う問題で使う。問題文では「最終値の定理、極、左半平面、収束」が手掛かりとなる。答案には「安定性確認、定常値、原点」を入れる。不安定系へ形式的に代入して答えを出さない。出題例：R07 機械・制御 問4、R02 機械・制御 問4。	essay_machine_050	""	""
系の型とステップ・ランプ・放物線入力の定常偏差の関係を説明せよ。	一巡伝達関数が原点極を何個持つかで系の型を決める。単位負帰還では0形はステップに有限偏差、1形はステップ零・ランプ有限、2形はステップとランプ零・放物線有限となる。	機械制御論説	定常偏差を問う問題で使う。問題文では「系の型、原点極、ステップ、ランプ、放物線」が手掛かりとなる。答案には「位置偏差、速度偏差、加速度偏差」を入れる。入力の種類と単位負帰還条件を確認する。出題例：R02 機械・制御 問4、R01 機械・制御 問4。	essay_machine_051	""	""
P・PI・PD・PID制御の作用を比較せよ。	P動作は偏差に比例して応答を速めるが定常偏差が残り得る。I動作は偏差を積分して定常偏差を除くが応答を遅くし、D動作は変化を先取りして減衰を改善するが雑音に敏感である。PIDは三作用を組み合わせる。	機械制御論説	補償器の作用を問う問題で使う。問題文では「比例、積分、微分、定常偏差」が手掛かりとなる。答案には「応答速度、減衰、雑音、PID」を入れる。微分動作だけでは定常偏差を除去できない。出題例：R04 機械・制御 問4、R07 機械・制御 問4。	essay_machine_052	""	""
一次遅れ系の時定数が応答へ与える影響を説明せよ。	ステップ応答は最終値へ指数関数的に近づき、時定数で最終変化量の約63.2パーセントへ達する。時定数が大きいほど立上がりと整定が遅くなるが、一次遅れ単独ではオーバーシュートしない。	機械制御論説	一次遅れ応答を問う問題で使う。問題文では「一次遅れ、時定数、63.2パーセント、指数応答」が手掛かりとなる。答案には「立上がり、整定、単調応答」を入れる。ゲインは最終値、時定数は速さを主に決める。出題例：R06 機械・制御 問4。	essay_machine_053	""	""
標準二次遅れ系で減衰比が応答へ与える影響を説明せよ。	減衰比が0より大きく1未満なら不足減衰で振動しオーバーシュートを生じ、1で臨界減衰、1より大きいと過減衰となる。減衰比が小さいほどオーバーシュートが大きく、整定に時間を要する。	機械制御論説	二次遅れ系の過渡応答を問う問題で使う。問題文では「減衰比、不足減衰、臨界減衰、過減衰」が手掛かりとなる。答案には「オーバーシュート、振動、整定時間」を入れる。固有角周波数は主に時間尺度、減衰比は振動性を決める。出題例：H29 機械・制御 問4、R06 機械・制御 問4。	essay_machine_054	""	""
ラウス表で安定性を判別する原理を説明せよ。	特性方程式の係数からラウス表を作り、第一列の符号変化数が右半平面にある根の個数となる。全要素が同符号なら右半平面根がなく安定であり、零行や第一列零には補助手順を用いる。	機械制御論説	代数的安定判別を問う問題で使う。問題文では「ラウス表、第一列、符号変化、右半平面根」が手掛かりとなる。答案には「特性方程式、安定条件、零行」を入れる。伝達関数の分子係数ではなく特性方程式を使う。出題例：R03 機械・制御 問4、R02 機械・制御 問4。	essay_machine_055	""	""
ボード線図の折点周波数と傾きの変化を説明せよ。	一次極では折点後にゲイン線図の傾きが一つ当たり毎デケード20デシベル減少し、位相が約90度遅れる。一次零点では逆に傾きが20デシベル増加し、位相が約90度進む。	機械制御論説	周波数応答の作図を問う問題で使う。問題文では「折点周波数、一次極、一次零点、傾き」が手掛かりとなる。答案には「20デシベル毎デケード、位相遅れ、位相進み」を入れる。積分要素は折点なしで最初から負の傾きを持つ。出題例：R05 機械・制御 問4。	essay_machine_056	""	""
ゲイン余裕と位相余裕の意味を説明せよ。	ゲイン余裕は位相がマイナス180度となる周波数で安定限界まで増やせるゲイン量、位相余裕はゲイン交差周波数でマイナス180度まで残る位相量である。いずれも正の余裕を持たせて相対安定性を確保する。	機械制御論説	ボード線図による安定度評価を問う問題で使う。問題文では「ゲイン余裕、位相余裕、位相交差、ゲイン交差」が手掛かりとなる。答案には「相対安定性、安定限界、正の余裕」を入れる。二つを評価する周波数を逆にしない。出題例：R05 機械・制御 問4。	essay_machine_057	""	""
可制御性・可観測性と状態フィードバック極配置の関係を説明せよ。	可制御なら入力によって任意の初期状態を有限時間で動かせ、状態フィードバックで閉ループ極を任意に配置できる。可観測なら入出力から内部状態を推定でき、オブザーバを構成できる。	機械制御論説	状態空間法の基本概念を問う問題で使う。問題文では「可制御性、可観測性、状態フィードバック、極配置」が手掛かりとなる。答案には「可制御行列、可観測行列、オブザーバ」を入れる。状態変数の数だけで可制御・可観測を判断しない。出題例：H28 機械・制御 問4、H30 機械・制御 問4。	essay_machine_058	""	""
